file,line,type,commit,author,date,time,timezone,datetime,depth,length
static/style.css,1,css,8b3e61da,rileyoh6,2024-03-03,17:51:54,-05:00,2024-03-03T17:51:54-05:00,0,6
static/style.css,2,css,8b3e61da,rileyoh6,2024-03-03,17:51:54,-05:00,2024-03-03T17:51:54-05:00,0,68
static/style.css,3,css,8b3e61da,rileyoh6,2024-03-03,17:51:54,-05:00,2024-03-03T17:51:54-05:00,0,0
static/style.css,4,css,8b3e61da,rileyoh6,2024-03-03,17:51:54,-05:00,2024-03-03T17:51:54-05:00,0,0
static/style.css,5,css,8b3e61da,rileyoh6,2024-03-03,17:51:54,-05:00,2024-03-03T17:51:54-05:00,0,5
static/style.css,6,css,8b3e61da,rileyoh6,2024-03-03,17:51:54,-05:00,2024-03-03T17:51:54-05:00,0,33
static/style.css,7,css,8b3e61da,rileyoh6,2024-03-03,17:51:54,-05:00,2024-03-03T17:51:54-05:00,0,0
static/style.css,8,css,8b3e61da,rileyoh6,2024-03-03,17:51:54,-05:00,2024-03-03T17:51:54-05:00,0,0
static/style.css,9,css,8b3e61da,rileyoh6,2024-03-03,17:51:54,-05:00,2024-03-03T17:51:54-05:00,0,5
static/style.css,10,css,8b3e61da,rileyoh6,2024-03-03,17:51:54,-05:00,2024-03-03T17:51:54-05:00,0,44
static/style.css,11,css,8b3e61da,rileyoh6,2024-03-03,17:51:54,-05:00,2024-03-03T17:51:54-05:00,0,43
static/style.css,12,css,8b3e61da,rileyoh6,2024-03-03,17:51:54,-05:00,2024-03-03T17:51:54-05:00,0,1
static/style.css,13,css,8b3e61da,rileyoh6,2024-03-03,17:51:54,-05:00,2024-03-03T17:51:54-05:00,0,24
static/style.css,14,css,8b3e61da,rileyoh6,2024-03-03,17:51:54,-05:00,2024-03-03T17:51:54-05:00,0,16
static/style.css,15,css,8b3e61da,rileyoh6,2024-03-03,17:51:54,-05:00,2024-03-03T17:51:54-05:00,0,43
static/style.css,16,css,8b3e61da,rileyoh6,2024-03-03,17:51:54,-05:00,2024-03-03T17:51:54-05:00,0,0
static/style.css,17,css,8b3e61da,rileyoh6,2024-03-03,17:51:54,-05:00,2024-03-03T17:51:54-05:00,0,0
static/style.css,18,css,8b3e61da,rileyoh6,2024-03-03,17:51:54,-05:00,2024-03-03T17:51:54-05:00,0,0
static/style.css,19,css,8b3e61da,rileyoh6,2024-03-03,17:51:54,-05:00,2024-03-03T17:51:54-05:00,0,4
static/style.css,20,css,8b3e61da,rileyoh6,2024-03-03,17:51:54,-05:00,2024-03-03T17:51:54-05:00,0,13
static/style.css,21,css,8b3e61da,rileyoh6,2024-03-03,17:51:54,-05:00,2024-03-03T17:51:54-05:00,0,18
static/style.css,22,css,8b3e61da,rileyoh6,2024-03-03,17:51:54,-05:00,2024-03-03T17:51:54-05:00,0,24
static/style.css,23,css,8b3e61da,rileyoh6,2024-03-03,17:51:54,-05:00,2024-03-03T17:51:54-05:00,0,26
static/style.css,24,css,8b3e61da,rileyoh6,2024-03-03,17:51:54,-05:00,2024-03-03T17:51:54-05:00,0,38
static/style.css,25,css,8b3e61da,rileyoh6,2024-03-03,17:51:54,-05:00,2024-03-03T17:51:54-05:00,0,0
static/style.css,26,css,8b3e61da,rileyoh6,2024-03-03,17:51:54,-05:00,2024-03-03T17:51:54-05:00,0,0
static/style.css,27,css,8b3e61da,rileyoh6,2024-03-03,17:51:54,-05:00,2024-03-03T17:51:54-05:00,0,6
static/style.css,28,css,8b3e61da,rileyoh6,2024-03-03,17:51:54,-05:00,2024-03-03T17:51:54-05:00,0,7
static/style.css,29,css,8b3e61da,rileyoh6,2024-03-03,17:51:54,-05:00,2024-03-03T17:51:54-05:00,0,21
static/style.css,30,css,8b3e61da,rileyoh6,2024-03-03,17:51:54,-05:00,2024-03-03T17:51:54-05:00,0,14
static/style.css,31,css,8b3e61da,rileyoh6,2024-03-03,17:51:54,-05:00,2024-03-03T17:51:54-05:00,0,18
static/style.css,32,css,8b3e61da,rileyoh6,2024-03-03,17:51:54,-05:00,2024-03-03T17:51:54-05:00,0,14
static/style.css,33,css,8b3e61da,rileyoh6,2024-03-03,17:51:54,-05:00,2024-03-03T17:51:54-05:00,0,0
static/style.css,34,css,8b3e61da,rileyoh6,2024-03-03,17:51:54,-05:00,2024-03-03T17:51:54-05:00,0,0
static/style.css,35,css,8b3e61da,rileyoh6,2024-03-03,17:51:54,-05:00,2024-03-03T17:51:54-05:00,0,13
static/style.css,36,css,8b3e61da,rileyoh6,2024-03-03,17:51:54,-05:00,2024-03-03T17:51:54-05:00,0,44
static/style.css,37,css,8b3e61da,rileyoh6,2024-03-03,17:51:54,-05:00,2024-03-03T17:51:54-05:00,0,19
static/style.css,38,css,8b3e61da,rileyoh6,2024-03-03,17:51:54,-05:00,2024-03-03T17:51:54-05:00,0,0
static/style.css,39,css,8b3e61da,rileyoh6,2024-03-03,17:51:54,-05:00,2024-03-03T17:51:54-05:00,0,0
static/style.css,40,css,8b3e61da,rileyoh6,2024-03-03,17:51:54,-05:00,2024-03-03T17:51:54-05:00,0,12
static/style.css,41,css,8b3e61da,rileyoh6,2024-03-03,17:51:54,-05:00,2024-03-03T17:51:54-05:00,0,46
static/style.css,42,css,8b3e61da,rileyoh6,2024-03-03,17:51:54,-05:00,2024-03-03T17:51:54-05:00,0,19
static/style.css,43,css,8b3e61da,rileyoh6,2024-03-03,17:51:54,-05:00,2024-03-03T17:51:54-05:00,0,0
static/style.css,44,css,8b3e61da,rileyoh6,2024-03-03,17:51:54,-05:00,2024-03-03T17:51:54-05:00,0,0
static/style.css,45,css,8b3e61da,rileyoh6,2024-03-03,17:51:54,-05:00,2024-03-03T17:51:54-05:00,0,0
static/style.css,46,css,8b3e61da,rileyoh6,2024-03-03,17:51:54,-05:00,2024-03-03T17:51:54-05:00,0,0
static/style.css,47,css,8b3e61da,rileyoh6,2024-03-03,17:51:54,-05:00,2024-03-03T17:51:54-05:00,0,31
static/style.css,48,css,8b3e61da,rileyoh6,2024-03-03,17:51:54,-05:00,2024-03-03T17:51:54-05:00,0,49
static/style.css,49,css,8b3e61da,rileyoh6,2024-03-03,17:51:54,-05:00,2024-03-03T17:51:54-05:00,0,77
static/style.css,50,css,8b3e61da,rileyoh6,2024-03-03,17:51:54,-05:00,2024-03-03T17:51:54-05:00,0,1
static/style.css,51,css,8b3e61da,rileyoh6,2024-03-03,17:51:54,-05:00,2024-03-03T17:51:54-05:00,0,13
static/style.css,52,css,8b3e61da,rileyoh6,2024-03-03,17:51:54,-05:00,2024-03-03T17:51:54-05:00,0,59
static/style.css,53,css,8b3e61da,rileyoh6,2024-03-03,17:51:54,-05:00,2024-03-03T17:51:54-05:00,0,15
static/style.css,54,css,8b3e61da,rileyoh6,2024-03-03,17:51:54,-05:00,2024-03-03T17:51:54-05:00,0,44
static/style.css,55,css,8b3e61da,rileyoh6,2024-03-03,17:51:54,-05:00,2024-03-03T17:51:54-05:00,0,0
static/style.css,56,css,8b3e61da,rileyoh6,2024-03-03,17:51:54,-05:00,2024-03-03T17:51:54-05:00,0,0
static/style.css,57,css,8b3e61da,rileyoh6,2024-03-03,17:51:54,-05:00,2024-03-03T17:51:54-05:00,0,4
static/style.css,58,css,8b3e61da,rileyoh6,2024-03-03,17:51:54,-05:00,2024-03-03T17:51:54-05:00,0,11
static/style.css,59,css,8b3e61da,rileyoh6,2024-03-03,17:51:54,-05:00,2024-03-03T17:51:54-05:00,0,0
static/style.css,60,css,8b3e61da,rileyoh6,2024-03-03,17:51:54,-05:00,2024-03-03T17:51:54-05:00,0,0
static/style.css,61,css,ff533550,rileyoh6,2024-03-06,14:31:46,-05:00,2024-03-06T14:31:46-05:00,0,10
static/style.css,62,css,ff533550,rileyoh6,2024-03-06,14:31:46,-05:00,2024-03-06T14:31:46-05:00,0,13
static/style.css,63,css,ff533550,rileyoh6,2024-03-06,14:31:46,-05:00,2024-03-06T14:31:46-05:00,0,59
static/style.css,64,css,ff533550,rileyoh6,2024-03-06,14:31:46,-05:00,2024-03-06T14:31:46-05:00,0,0
static/style.css,65,css,ff533550,rileyoh6,2024-03-06,14:31:46,-05:00,2024-03-06T14:31:46-05:00,0,18
static/style.css,66,css,ff533550,rileyoh6,2024-03-06,14:31:46,-05:00,2024-03-06T14:31:46-05:00,0,13
static/style.css,67,css,ff533550,rileyoh6,2024-03-06,14:31:46,-05:00,2024-03-06T14:31:46-05:00,0,70
static/style.css,68,css,ff533550,rileyoh6,2024-03-06,14:31:46,-05:00,2024-03-06T14:31:46-05:00,0,16
static/style.css,69,css,ff533550,rileyoh6,2024-03-06,14:31:46,-05:00,2024-03-06T14:31:46-05:00,0,0
static/style.css,70,css,ff533550,rileyoh6,2024-03-06,14:31:46,-05:00,2024-03-06T14:31:46-05:00,0,0
static/style.css,71,css,ff533550,rileyoh6,2024-03-06,14:31:46,-05:00,2024-03-06T14:31:46-05:00,0,41
static/style.css,72,css,ff533550,rileyoh6,2024-03-06,14:31:46,-05:00,2024-03-06T14:31:46-05:00,0,21
static/style.css,73,css,ff533550,rileyoh6,2024-03-06,14:31:46,-05:00,2024-03-06T14:31:46-05:00,0,9
static/style.css,74,css,ff533550,rileyoh6,2024-03-06,14:31:46,-05:00,2024-03-06T14:31:46-05:00,0,0
static/style.css,75,css,8b3e61da,rileyoh6,2024-03-03,17:51:54,-05:00,2024-03-03T17:51:54-05:00,0,0
static/style.css,76,css,8b3e61da,rileyoh6,2024-03-03,17:51:54,-05:00,2024-03-03T17:51:54-05:00,0,3
static/style.css,77,css,8b3e61da,rileyoh6,2024-03-03,17:51:54,-05:00,2024-03-03T17:51:54-05:00,0,57
static/style.css,78,css,8b3e61da,rileyoh6,2024-03-03,17:51:54,-05:00,2024-03-03T17:51:54-05:00,0,49
static/style.css,79,css,8b3e61da,rileyoh6,2024-03-03,17:51:54,-05:00,2024-03-03T17:51:54-05:00,0,45
static/style.css,80,css,8b3e61da,rileyoh6,2024-03-03,17:51:54,-05:00,2024-03-03T17:51:54-05:00,0,0
static/style.css,81,css,8b3e61da,rileyoh6,2024-03-03,17:51:54,-05:00,2024-03-03T17:51:54-05:00,0,0
static/style.css,82,css,8b3e61da,rileyoh6,2024-03-03,17:51:54,-05:00,2024-03-03T17:51:54-05:00,0,23
static/style.css,83,css,9e2d1c19,rileyoh6,2024-03-05,16:12:50,-05:00,2024-03-05T16:12:50-05:00,0,20
static/style.css,84,css,9e2d1c19,rileyoh6,2024-03-05,16:12:50,-05:00,2024-03-05T16:12:50-05:00,0,36
static/style.css,85,css,8b3e61da,rileyoh6,2024-03-03,17:51:54,-05:00,2024-03-03T17:51:54-05:00,0,0
static/style.css,86,css,8b3e61da,rileyoh6,2024-03-03,17:51:54,-05:00,2024-03-03T17:51:54-05:00,0,0
static/style.css,87,css,8b3e61da,rileyoh6,2024-03-03,17:51:54,-05:00,2024-03-03T17:51:54-05:00,0,0
static/style.css,88,css,8b3e61da,rileyoh6,2024-03-03,17:51:54,-05:00,2024-03-03T17:51:54-05:00,0,0
static/style.css,89,css,8b3e61da,rileyoh6,2024-03-03,17:51:54,-05:00,2024-03-03T17:51:54-05:00,0,0
static/style.css,90,css,8b3e61da,rileyoh6,2024-03-03,17:51:54,-05:00,2024-03-03T17:51:54-05:00,0,0
static/global.js,1,js,73a55d43,rileyoh6,2024-03-06,14:46:18,-05:00,2024-03-06T14:46:18-05:00,0,42
static/global.js,2,js,8b3e61da,rileyoh6,2024-03-03,17:51:54,-05:00,2024-03-03T17:51:54-05:00,0,53
static/global.js,3,js,8b3e61da,rileyoh6,2024-03-03,17:51:54,-05:00,2024-03-03T17:51:54-05:00,0,0
static/global.js,4,js,73a55d43,rileyoh6,2024-03-06,14:46:18,-05:00,2024-03-06T14:46:18-05:00,0,26
static/global.js,5,js,8b3e61da,rileyoh6,2024-03-03,17:51:54,-05:00,2024-03-03T17:51:54-05:00,0,12
static/global.js,6,js,4691486e,rileyoh6,2024-03-05,13:17:25,-05:00,2024-03-05T13:17:25-05:00,0,12
static/global.js,7,js,330ba569,rileyoh6,2024-03-05,14:14:19,-05:00,2024-03-05T14:14:19-05:00,0,22
static/global.js,8,js,330ba569,rileyoh6,2024-03-05,14:14:19,-05:00,2024-03-05T14:14:19-05:00,0,18
static/global.js,9,js,330ba569,rileyoh6,2024-03-05,14:14:19,-05:00,2024-03-05T14:14:19-05:00,0,20
static/global.js,10,js,a168ca61,rileyoh6,2024-03-06,14:49:13,-05:00,2024-03-06T14:49:13-05:00,0,20
static/global.js,11,js,8b3e61da,rileyoh6,2024-03-03,17:51:54,-05:00,2024-03-03T17:51:54-05:00,0,1
static/global.js,12,js,8b3e61da,rileyoh6,2024-03-03,17:51:54,-05:00,2024-03-03T17:51:54-05:00,0,0
static/global.js,13,js,a577ce32,rileyoh6,2024-03-13,14:45:44,-04:00,2024-03-13T14:45:44-04:00,0,42
static/global.js,14,js,a577ce32,rileyoh6,2024-03-13,14:45:44,-04:00,2024-03-13T14:45:44-04:00,0,29
static/global.js,15,js,8b3e61da,rileyoh6,2024-03-03,17:51:54,-05:00,2024-03-03T17:51:54-05:00,0,0
static/global.js,16,js,a577ce32,rileyoh6,2024-03-13,14:45:44,-04:00,2024-03-13T14:45:44-04:00,0,26
static/global.js,17,js,a577ce32,rileyoh6,2024-03-13,14:45:44,-04:00,2024-03-13T14:45:44-04:00,0,78
static/global.js,18,js,a577ce32,rileyoh6,2024-03-13,14:45:44,-04:00,2024-03-13T14:45:44-04:00,0,29
static/global.js,19,js,a577ce32,rileyoh6,2024-03-13,14:45:44,-04:00,2024-03-13T14:45:44-04:00,0,42
static/global.js,20,js,a577ce32,rileyoh6,2024-03-13,14:45:44,-04:00,2024-03-13T14:45:44-04:00,0,74
static/global.js,21,js,a577ce32,rileyoh6,2024-03-13,14:45:44,-04:00,2024-03-13T14:45:44-04:00,0,19
static/global.js,22,js,a577ce32,rileyoh6,2024-03-13,14:45:44,-04:00,2024-03-13T14:45:44-04:00,0,28
static/global.js,23,js,8b3e61da,rileyoh6,2024-03-03,17:51:54,-05:00,2024-03-03T17:51:54-05:00,0,0
static/global.js,24,js,a577ce32,rileyoh6,2024-03-13,14:45:44,-04:00,2024-03-13T14:45:44-04:00,0,73
static/global.js,25,js,a577ce32,rileyoh6,2024-03-13,14:45:44,-04:00,2024-03-13T14:45:44-04:00,0,36
static/global.js,26,js,a577ce32,rileyoh6,2024-03-13,14:45:44,-04:00,2024-03-13T14:45:44-04:00,0,7
static/global.js,27,js,8b3e61da,rileyoh6,2024-03-03,17:51:54,-05:00,2024-03-03T17:51:54-05:00,0,0
static/global.js,28,js,a577ce32,rileyoh6,2024-03-13,14:45:44,-04:00,2024-03-13T14:45:44-04:00,0,57
static/global.js,29,js,a577ce32,rileyoh6,2024-03-13,14:45:44,-04:00,2024-03-13T14:45:44-04:00,0,30
static/global.js,30,js,a577ce32,rileyoh6,2024-03-13,14:45:44,-04:00,2024-03-13T14:45:44-04:00,0,7
static/global.js,31,js,8b3e61da,rileyoh6,2024-03-03,17:51:54,-05:00,2024-03-03T17:51:54-05:00,0,0
static/global.js,32,js,a577ce32,rileyoh6,2024-03-13,14:45:44,-04:00,2024-03-13T14:45:44-04:00,0,20
static/global.js,33,js,a577ce32,rileyoh6,2024-03-13,14:45:44,-04:00,2024-03-13T14:45:44-04:00,0,3
static/global.js,34,js,73a55d43,rileyoh6,2024-03-06,14:46:18,-05:00,2024-03-06T14:46:18-05:00,0,0
static/global.js,35,js,a577ce32,rileyoh6,2024-03-13,14:45:44,-04:00,2024-03-13T14:45:44-04:00,0,50
static/global.js,36,js,a577ce32,rileyoh6,2024-03-13,14:45:44,-04:00,2024-03-13T14:45:44-04:00,0,83
static/global.js,37,js,a577ce32,rileyoh6,2024-03-13,14:45:44,-04:00,2024-03-13T14:45:44-04:00,0,16
static/global.js,38,js,a577ce32,rileyoh6,2024-03-13,14:45:44,-04:00,2024-03-13T14:45:44-04:00,0,37
static/global.js,39,js,a577ce32,rileyoh6,2024-03-13,14:45:44,-04:00,2024-03-13T14:45:44-04:00,0,59
static/global.js,40,js,a577ce32,rileyoh6,2024-03-13,14:45:44,-04:00,2024-03-13T14:45:44-04:00,0,50
static/global.js,41,js,a577ce32,rileyoh6,2024-03-13,14:45:44,-04:00,2024-03-13T14:45:44-04:00,0,48
static/global.js,42,js,a577ce32,rileyoh6,2024-03-13,14:45:44,-04:00,2024-03-13T14:45:44-04:00,0,19
static/global.js,43,js,a577ce32,rileyoh6,2024-03-13,14:45:44,-04:00,2024-03-13T14:45:44-04:00,0,15
static/global.js,44,js,a577ce32,rileyoh6,2024-03-13,14:45:44,-04:00,2024-03-13T14:45:44-04:00,0,4
static/global.js,45,js,73a55d43,rileyoh6,2024-03-06,14:46:18,-05:00,2024-03-06T14:46:18-05:00,0,0
static/global.js,46,js,a577ce32,rileyoh6,2024-03-13,14:45:44,-04:00,2024-03-13T14:45:44-04:00,0,60
static/global.js,47,js,a577ce32,rileyoh6,2024-03-13,14:45:44,-04:00,2024-03-13T14:45:44-04:00,0,68
static/global.js,48,js,a577ce32,rileyoh6,2024-03-13,14:45:44,-04:00,2024-03-13T14:45:44-04:00,0,33
static/global.js,49,js,8b3e61da,rileyoh6,2024-03-03,17:51:54,-05:00,2024-03-03T17:51:54-05:00,0,0
static/global.js,50,js,a577ce32,rileyoh6,2024-03-13,14:45:44,-04:00,2024-03-13T14:45:44-04:00,0,30
static/global.js,51,js,a577ce32,rileyoh6,2024-03-13,14:45:44,-04:00,2024-03-13T14:45:44-04:00,0,88
static/global.js,52,js,a577ce32,rileyoh6,2024-03-13,14:45:44,-04:00,2024-03-13T14:45:44-04:00,0,43
static/global.js,53,js,8b3e61da,rileyoh6,2024-03-03,17:51:54,-05:00,2024-03-03T17:51:54-05:00,0,0
static/global.js,54,js,a577ce32,rileyoh6,2024-03-13,14:45:44,-04:00,2024-03-13T14:45:44-04:00,0,75
static/global.js,55,js,a577ce32,rileyoh6,2024-03-13,14:45:44,-04:00,2024-03-13T14:45:44-04:00,0,75
static/global.js,56,js,a577ce32,rileyoh6,2024-03-13,14:45:44,-04:00,2024-03-13T14:45:44-04:00,0,7
static/global.js,57,js,a577ce32,rileyoh6,2024-03-13,14:45:44,-04:00,2024-03-13T14:45:44-04:00,0,5
static/global.js,58,js,8b3e61da,rileyoh6,2024-03-03,17:51:54,-05:00,2024-03-03T17:51:54-05:00,0,0
static/global.js,59,js,a577ce32,rileyoh6,2024-03-13,14:45:44,-04:00,2024-03-13T14:45:44-04:00,0,56
static/global.js,60,js,a577ce32,rileyoh6,2024-03-13,14:45:44,-04:00,2024-03-13T14:45:44-04:00,0,53
static/global.js,61,js,a577ce32,rileyoh6,2024-03-13,14:45:44,-04:00,2024-03-13T14:45:44-04:00,0,45
static/global.js,62,js,a577ce32,rileyoh6,2024-03-13,14:45:44,-04:00,2024-03-13T14:45:44-04:00,0,78
static/global.js,63,js,8b3e61da,rileyoh6,2024-03-03,17:51:54,-05:00,2024-03-03T17:51:54-05:00,0,0
static/global.js,64,js,a577ce32,rileyoh6,2024-03-13,14:45:44,-04:00,2024-03-13T14:45:44-04:00,0,73
static/global.js,65,js,a577ce32,rileyoh6,2024-03-13,14:45:44,-04:00,2024-03-13T14:45:44-04:00,0,74
static/global.js,66,js,8b3e61da,rileyoh6,2024-03-03,17:51:54,-05:00,2024-03-03T17:51:54-05:00,0,0
static/global.js,67,js,a577ce32,rileyoh6,2024-03-13,14:45:44,-04:00,2024-03-13T14:45:44-04:00,0,55
static/global.js,68,js,a577ce32,rileyoh6,2024-03-13,14:45:44,-04:00,2024-03-13T14:45:44-04:00,0,5
src/app.html,1,html,8b8daf55,rileyoh6,2024-03-03,17:21:15,-05:00,2024-03-03T17:21:15-05:00,0,14
src/app.html,2,html,917c6252,rileyoh6,2024-03-05,15:14:21,-05:00,2024-03-05T15:14:21-05:00,0,28
src/app.html,3,html,8b8daf55,rileyoh6,2024-03-03,17:21:15,-05:00,2024-03-03T17:21:15-05:00,1,5
src/app.html,4,html,a577ce32,rileyoh6,2024-03-13,14:45:44,-04:00,2024-03-13T14:45:44-04:00,2,7
src/app.html,5,html,a577ce32,rileyoh6,2024-03-13,14:45:44,-04:00,2024-03-13T14:45:44-04:00,3,35
src/app.html,6,html,a577ce32,rileyoh6,2024-03-13,14:45:44,-04:00,2024-03-13T14:45:44-04:00,3,58
src/app.html,7,html,a577ce32,rileyoh6,2024-03-13,14:45:44,-04:00,2024-03-13T14:45:44-04:00,3,51
src/app.html,8,html,a577ce32,rileyoh6,2024-03-13,14:45:44,-04:00,2024-03-13T14:45:44-04:00,2,8
src/app.html,9,html,a577ce32,rileyoh6,2024-03-13,14:45:44,-04:00,2024-03-13T14:45:44-04:00,2,0
src/app.html,10,html,a577ce32,rileyoh6,2024-03-13,14:45:44,-04:00,2024-03-13T14:45:44-04:00,2,0
src/app.html,11,html,8b8daf55,rileyoh6,2024-03-03,17:21:15,-05:00,2024-03-03T17:21:15-05:00,2,23
src/app.html,12,html,8b8daf55,rileyoh6,2024-03-03,17:21:15,-05:00,2024-03-03T17:21:15-05:00,2,56
src/app.html,13,html,8b8daf55,rileyoh6,2024-03-03,17:21:15,-05:00,2024-03-03T17:21:15-05:00,2,69
src/app.html,14,html,8b3e61da,rileyoh6,2024-03-03,17:51:54,-05:00,2024-03-03T17:51:54-05:00,2,38
src/app.html,15,html,8b3e61da,rileyoh6,2024-03-03,17:51:54,-05:00,2024-03-03T17:51:54-05:00,2,60
src/app.html,16,html,8b3e61da,rileyoh6,2024-03-03,17:51:54,-05:00,2024-03-03T17:51:54-05:00,2,65
src/app.html,17,html,8b8daf55,rileyoh6,2024-03-03,17:21:15,-05:00,2024-03-03T17:21:15-05:00,2,15
src/app.html,18,html,8b8daf55,rileyoh6,2024-03-03,17:21:15,-05:00,2024-03-03T17:21:15-05:00,1,6
src/app.html,19,html,8b8daf55,rileyoh6,2024-03-03,17:21:15,-05:00,2024-03-03T17:21:15-05:00,1,41
src/app.html,20,html,8b8daf55,rileyoh6,2024-03-03,17:21:15,-05:00,2024-03-03T17:21:15-05:00,2,52
src/app.html,21,html,8b8daf55,rileyoh6,2024-03-03,17:21:15,-05:00,2024-03-03T17:21:15-05:00,1,6
src/app.html,22,html,8b8daf55,rileyoh6,2024-03-03,17:21:15,-05:00,2024-03-03T17:21:15-05:00,0,6
src/routes/+page.svelte,1,svelte,8b3e61da,rileyoh6,2024-03-03,17:51:54,-05:00,2024-03-03T17:51:54-05:00,0,12
src/routes/+page.svelte,2,svelte,8b3e61da,rileyoh6,2024-03-03,17:51:54,-05:00,2024-03-03T17:51:54-05:00,1,23
src/routes/+page.svelte,3,svelte,8b3e61da,rileyoh6,2024-03-03,17:51:54,-05:00,2024-03-03T17:51:54-05:00,0,13
src/routes/+page.svelte,4,svelte,8b3e61da,rileyoh6,2024-03-03,17:51:54,-05:00,2024-03-03T17:51:54-05:00,0,0
src/routes/+page.svelte,5,svelte,9e2d1c19,rileyoh6,2024-03-05,16:12:50,-05:00,2024-03-05T16:12:50-05:00,0,0
src/routes/+page.svelte,6,svelte,917c6252,rileyoh6,2024-03-05,15:14:21,-05:00,2024-03-05T15:14:21-05:00,0,7
src/routes/+page.svelte,7,js,917c6252,rileyoh6,2024-03-05,15:14:21,-05:00,2024-03-05T15:14:21-05:00,0,41
src/routes/+page.svelte,8,js,917c6252,rileyoh6,2024-03-05,15:14:21,-05:00,2024-03-05T15:14:21-05:00,0,41
src/routes/+page.svelte,9,svelte,917c6252,rileyoh6,2024-03-05,15:14:21,-05:00,2024-03-05T15:14:21-05:00,0,8
src/routes/+page.svelte,10,svelte,917c6252,rileyoh6,2024-03-05,15:14:21,-05:00,2024-03-05T15:14:21-05:00,0,0
src/routes/+page.svelte,11,svelte,7a67c310,rileyoh6,2024-03-05,21:16:27,-05:00,2024-03-05T21:16:27-05:00,0,0
src/routes/+page.svelte,12,svelte,8b3e61da,rileyoh6,2024-03-03,17:51:54,-05:00,2024-03-03T17:51:54-05:00,0,16
src/routes/+page.svelte,13,svelte,8b3e61da,rileyoh6,2024-03-03,17:51:54,-05:00,2024-03-03T17:51:54-05:00,0,43
src/routes/+page.svelte,14,svelte,8b3e61da,rileyoh6,2024-03-03,17:51:54,-05:00,2024-03-03T17:51:54-05:00,0,2
src/routes/+page.svelte,15,svelte,8b3e61da,rileyoh6,2024-03-03,17:51:54,-05:00,2024-03-03T17:51:54-05:00,0,182
src/routes/+page.svelte,16,svelte,8b3e61da,rileyoh6,2024-03-03,17:51:54,-05:00,2024-03-03T17:51:54-05:00,0,3
src/routes/+page.svelte,17,svelte,917c6252,rileyoh6,2024-03-05,15:14:21,-05:00,2024-03-05T15:14:21-05:00,0,0
src/routes/+page.svelte,18,svelte,7a67c310,rileyoh6,2024-03-05,21:16:27,-05:00,2024-03-05T21:16:27-05:00,0,0
src/routes/+page.svelte,19,svelte,7a67c310,rileyoh6,2024-03-05,21:16:27,-05:00,2024-03-05T21:16:27-05:00,0,0
src/routes/+page.svelte,20,svelte,917c6252,rileyoh6,2024-03-05,15:14:21,-05:00,2024-03-05T15:14:21-05:00,0,3
src/routes/+page.svelte,21,svelte,917c6252,rileyoh6,2024-03-05,15:14:21,-05:00,2024-03-05T15:14:21-05:00,0,23
src/routes/+page.svelte,22,svelte,917c6252,rileyoh6,2024-03-05,15:14:21,-05:00,2024-03-05T15:14:21-05:00,0,4
src/routes/+page.svelte,23,svelte,917c6252,rileyoh6,2024-03-05,15:14:21,-05:00,2024-03-05T15:14:21-05:00,0,4
src/routes/+page.svelte,24,svelte,917c6252,rileyoh6,2024-03-05,15:14:21,-05:00,2024-03-05T15:14:21-05:00,0,31
src/routes/+page.svelte,25,svelte,9e2d1c19,rileyoh6,2024-03-05,16:12:50,-05:00,2024-03-05T16:12:50-05:00,0,27
src/routes/+page.svelte,26,svelte,917c6252,rileyoh6,2024-03-05,15:14:21,-05:00,2024-03-05T15:14:21-05:00,0,6
src/routes/+page.svelte,27,svelte,917c6252,rileyoh6,2024-03-05,15:14:21,-05:00,2024-03-05T15:14:21-05:00,0,5
src/routes/+page.svelte,28,svelte,a577ce32,rileyoh6,2024-03-13,14:45:44,-04:00,2024-03-13T14:45:44-04:00,0,6
src/routes/+page.svelte,29,css,a577ce32,rileyoh6,2024-03-13,14:45:44,-04:00,2024-03-13T14:45:44-04:00,0,3
src/routes/+page.svelte,30,css,a577ce32,rileyoh6,2024-03-13,14:45:44,-04:00,2024-03-13T14:45:44-04:00,0,13
src/routes/+page.svelte,31,css,a577ce32,rileyoh6,2024-03-13,14:45:44,-04:00,2024-03-13T14:45:44-04:00,0,66
src/routes/+page.svelte,32,css,a577ce32,rileyoh6,2024-03-13,14:45:44,-04:00,2024-03-13T14:45:44-04:00,0,53
src/routes/+page.svelte,33,css,a577ce32,rileyoh6,2024-03-13,14:45:44,-04:00,2024-03-13T14:45:44-04:00,0,60
src/routes/+page.svelte,34,css,a577ce32,rileyoh6,2024-03-13,14:45:44,-04:00,2024-03-13T14:45:44-04:00,0,36
src/routes/+page.svelte,35,css,a577ce32,rileyoh6,2024-03-13,14:45:44,-04:00,2024-03-13T14:45:44-04:00,0,44
src/routes/+page.svelte,36,css,a577ce32,rileyoh6,2024-03-13,14:45:44,-04:00,2024-03-13T14:45:44-04:00,0,0
src/routes/+page.svelte,37,css,a577ce32,rileyoh6,2024-03-13,14:45:44,-04:00,2024-03-13T14:45:44-04:00,0,0
src/routes/+page.svelte,38,css,a577ce32,rileyoh6,2024-03-13,14:45:44,-04:00,2024-03-13T14:45:44-04:00,0,20
src/routes/+page.svelte,39,css,a577ce32,rileyoh6,2024-03-13,14:45:44,-04:00,2024-03-13T14:45:44-04:00,0,3
src/routes/+page.svelte,40,css,a577ce32,rileyoh6,2024-03-13,14:45:44,-04:00,2024-03-13T14:45:44-04:00,0,43
src/routes/+page.svelte,41,css,a577ce32,rileyoh6,2024-03-13,14:45:44,-04:00,2024-03-13T14:45:44-04:00,0,44
src/routes/+page.svelte,42,css,a577ce32,rileyoh6,2024-03-13,14:45:44,-04:00,2024-03-13T14:45:44-04:00,0,44
src/routes/+page.svelte,43,css,a577ce32,rileyoh6,2024-03-13,14:45:44,-04:00,2024-03-13T14:45:44-04:00,0,0
src/routes/+page.svelte,44,css,a577ce32,rileyoh6,2024-03-13,14:45:44,-04:00,2024-03-13T14:45:44-04:00,0,0
src/routes/+page.svelte,45,css,a577ce32,rileyoh6,2024-03-13,14:45:44,-04:00,2024-03-13T14:45:44-04:00,0,27
src/routes/+page.svelte,46,css,a577ce32,rileyoh6,2024-03-13,14:45:44,-04:00,2024-03-13T14:45:44-04:00,0,3
src/routes/+page.svelte,47,css,a577ce32,rileyoh6,2024-03-13,14:45:44,-04:00,2024-03-13T14:45:44-04:00,0,63
src/routes/+page.svelte,48,css,a577ce32,rileyoh6,2024-03-13,14:45:44,-04:00,2024-03-13T14:45:44-04:00,0,44
src/routes/+page.svelte,49,css,a577ce32,rileyoh6,2024-03-13,14:45:44,-04:00,2024-03-13T14:45:44-04:00,0,0
src/routes/+page.svelte,50,svelte,a577ce32,rileyoh6,2024-03-13,14:45:44,-04:00,2024-03-13T14:45:44-04:00,0,7
src/routes/+page.svelte,51,svelte,a577ce32,rileyoh6,2024-03-13,14:45:44,-04:00,2024-03-13T14:45:44-04:00,0,8
src/routes/+page.svelte,52,svelte,a577ce32,rileyoh6,2024-03-13,14:45:44,-04:00,2024-03-13T14:45:44-04:00,0,3
src/routes/+page.svelte,53,svelte,a577ce32,rileyoh6,2024-03-13,14:45:44,-04:00,2024-03-13T14:45:44-04:00,0,15
src/routes/+page.svelte,54,svelte,a577ce32,rileyoh6,2024-03-13,14:45:44,-04:00,2024-03-13T14:45:44-04:00,0,4
src/routes/+page.svelte,55,svelte,a577ce32,rileyoh6,2024-03-13,14:45:44,-04:00,2024-03-13T14:45:44-04:00,0,0
src/routes/+page.svelte,56,svelte,a577ce32,rileyoh6,2024-03-13,14:45:44,-04:00,2024-03-13T14:45:44-04:00,0,56
src/routes/+page.svelte,57,svelte,a577ce32,rileyoh6,2024-03-13,14:45:44,-04:00,2024-03-13T14:45:44-04:00,0,16
src/routes/+page.svelte,58,svelte,a577ce32,rileyoh6,2024-03-13,14:45:44,-04:00,2024-03-13T14:45:44-04:00,0,15
src/routes/+page.svelte,59,svelte,a577ce32,rileyoh6,2024-03-13,14:45:44,-04:00,2024-03-13T14:45:44-04:00,0,23
src/routes/+page.svelte,60,svelte,a577ce32,rileyoh6,2024-03-13,14:45:44,-04:00,2024-03-13T14:45:44-04:00,0,17
src/routes/+page.svelte,61,svelte,a577ce32,rileyoh6,2024-03-13,14:45:44,-04:00,2024-03-13T14:45:44-04:00,0,11
src/routes/+page.svelte,62,svelte,a577ce32,rileyoh6,2024-03-13,14:45:44,-04:00,2024-03-13T14:45:44-04:00,0,0
src/routes/+page.svelte,63,svelte,a577ce32,rileyoh6,2024-03-13,14:45:44,-04:00,2024-03-13T14:45:44-04:00,0,3
src/routes/+page.svelte,64,svelte,a577ce32,rileyoh6,2024-03-13,14:45:44,-04:00,2024-03-13T14:45:44-04:00,0,28
src/routes/+page.svelte,65,svelte,a577ce32,rileyoh6,2024-03-13,14:45:44,-04:00,2024-03-13T14:45:44-04:00,0,27
src/routes/+page.svelte,66,svelte,a577ce32,rileyoh6,2024-03-13,14:45:44,-04:00,2024-03-13T14:45:44-04:00,0,0
src/routes/+page.svelte,67,svelte,a577ce32,rileyoh6,2024-03-13,14:45:44,-04:00,2024-03-13T14:45:44-04:00,0,18
src/routes/+page.svelte,68,svelte,a577ce32,rileyoh6,2024-03-13,14:45:44,-04:00,2024-03-13T14:45:44-04:00,0,24
src/routes/+page.svelte,69,svelte,a577ce32,rileyoh6,2024-03-13,14:45:44,-04:00,2024-03-13T14:45:44-04:00,0,0
src/routes/+page.svelte,70,svelte,a577ce32,rileyoh6,2024-03-13,14:45:44,-04:00,2024-03-13T14:45:44-04:00,0,18
src/routes/+page.svelte,71,svelte,a577ce32,rileyoh6,2024-03-13,14:45:44,-04:00,2024-03-13T14:45:44-04:00,0,24
src/routes/+page.svelte,72,svelte,a577ce32,rileyoh6,2024-03-13,14:45:44,-04:00,2024-03-13T14:45:44-04:00,0,0
src/routes/+page.svelte,73,svelte,a577ce32,rileyoh6,2024-03-13,14:45:44,-04:00,2024-03-13T14:45:44-04:00,0,21
src/routes/+page.svelte,74,svelte,a577ce32,rileyoh6,2024-03-13,14:45:44,-04:00,2024-03-13T14:45:44-04:00,0,27
src/routes/+page.svelte,75,svelte,a577ce32,rileyoh6,2024-03-13,14:45:44,-04:00,2024-03-13T14:45:44-04:00,0,4
src/routes/+page.svelte,76,svelte,a577ce32,rileyoh6,2024-03-13,14:45:44,-04:00,2024-03-13T14:45:44-04:00,0,13
src/routes/+page.svelte,77,svelte,a577ce32,rileyoh6,2024-03-13,14:45:44,-04:00,2024-03-13T14:45:44-04:00,0,16
src/routes/+page.svelte,78,svelte,a577ce32,rileyoh6,2024-03-13,14:45:44,-04:00,2024-03-13T14:45:44-04:00,0,36
src/routes/+page.svelte,79,svelte,a577ce32,rileyoh6,2024-03-13,14:45:44,-04:00,2024-03-13T14:45:44-04:00,0,3
src/routes/+page.svelte,80,svelte,a577ce32,rileyoh6,2024-03-13,14:45:44,-04:00,2024-03-13T14:45:44-04:00,0,7
src/routes/+page.svelte,81,svelte,a577ce32,rileyoh6,2024-03-13,14:45:44,-04:00,2024-03-13T14:45:44-04:00,0,13
src/routes/+page.svelte,82,svelte,a577ce32,rileyoh6,2024-03-13,14:45:44,-04:00,2024-03-13T14:45:44-04:00,0,16
src/routes/+page.svelte,83,svelte,a577ce32,rileyoh6,2024-03-13,14:45:44,-04:00,2024-03-13T14:45:44-04:00,0,36
src/routes/+page.svelte,84,svelte,a577ce32,rileyoh6,2024-03-13,14:45:44,-04:00,2024-03-13T14:45:44-04:00,0,3
src/routes/+page.svelte,85,svelte,a577ce32,rileyoh6,2024-03-13,14:45:44,-04:00,2024-03-13T14:45:44-04:00,0,7
src/routes/+page.svelte,86,svelte,a577ce32,rileyoh6,2024-03-13,14:45:44,-04:00,2024-03-13T14:45:44-04:00,0,0
src/routes/+page.svelte,87,svelte,a577ce32,rileyoh6,2024-03-13,14:45:44,-04:00,2024-03-13T14:45:44-04:00,0,9
src/routes/+layout.svelte,1,svelte,a577ce32,rileyoh6,2024-03-13,14:45:44,-04:00,2024-03-13T14:45:44-04:00,0,7
src/routes/+layout.svelte,2,js,a577ce32,rileyoh6,2024-03-13,14:45:44,-04:00,2024-03-13T14:45:44-04:00,0,34
src/routes/+layout.svelte,3,js,a577ce32,rileyoh6,2024-03-13,14:45:44,-04:00,2024-03-13T14:45:44-04:00,0,0
src/routes/+layout.svelte,4,js,a577ce32,rileyoh6,2024-03-13,14:45:44,-04:00,2024-03-13T14:45:44-04:00,0,12
src/routes/+layout.svelte,5,js,a577ce32,rileyoh6,2024-03-13,14:45:44,-04:00,2024-03-13T14:45:44-04:00,0,28
src/routes/+layout.svelte,6,js,a577ce32,rileyoh6,2024-03-13,14:45:44,-04:00,2024-03-13T14:45:44-04:00,0,40
src/routes/+layout.svelte,7,js,a577ce32,rileyoh6,2024-03-13,14:45:44,-04:00,2024-03-13T14:45:44-04:00,0,36
src/routes/+layout.svelte,8,js,a577ce32,rileyoh6,2024-03-13,14:45:44,-04:00,2024-03-13T14:45:44-04:00,0,38
src/routes/+layout.svelte,9,js,a577ce32,rileyoh6,2024-03-13,14:45:44,-04:00,2024-03-13T14:45:44-04:00,0,81
src/routes/+layout.svelte,10,js,00000000,Not Committed Yet,2024-04-02,13:00:51,-04:00,2024-04-02T13:00:51-04:00,0,30
src/routes/+layout.svelte,11,js,a577ce32,rileyoh6,2024-03-13,14:45:44,-04:00,2024-03-13T14:45:44-04:00,0,1
src/routes/+layout.svelte,12,js,fc060acc,rileyoh6,2024-03-13,15:09:02,-04:00,2024-03-13T15:09:02-04:00,0,0
src/routes/+layout.svelte,13,js,a577ce32,rileyoh6,2024-03-13,14:45:44,-04:00,2024-03-13T14:45:44-04:00,0,48
src/routes/+layout.svelte,14,js,a577ce32,rileyoh6,2024-03-13,14:45:44,-04:00,2024-03-13T14:45:44-04:00,0,0
src/routes/+layout.svelte,15,js,a577ce32,rileyoh6,2024-03-13,14:45:44,-04:00,2024-03-13T14:45:44-04:00,0,48
src/routes/+layout.svelte,16,js,fc060acc,rileyoh6,2024-03-13,15:09:02,-04:00,2024-03-13T15:09:02-04:00,0,25
src/routes/+layout.svelte,17,js,fc060acc,rileyoh6,2024-03-13,15:09:02,-04:00,2024-03-13T15:09:02-04:00,0,58
src/routes/+layout.svelte,18,js,a577ce32,rileyoh6,2024-03-13,14:45:44,-04:00,2024-03-13T14:45:44-04:00,0,41
src/routes/+layout.svelte,19,js,fc060acc,rileyoh6,2024-03-13,15:09:02,-04:00,2024-03-13T15:09:02-04:00,0,55
src/routes/+layout.svelte,20,js,fc060acc,rileyoh6,2024-03-13,15:09:02,-04:00,2024-03-13T15:09:02-04:00,0,0
src/routes/+layout.svelte,21,js,a577ce32,rileyoh6,2024-03-13,14:45:44,-04:00,2024-03-13T14:45:44-04:00,0,0
src/routes/+layout.svelte,22,svelte,a577ce32,rileyoh6,2024-03-13,14:45:44,-04:00,2024-03-13T14:45:44-04:00,0,8
src/routes/+layout.svelte,23,svelte,a577ce32,rileyoh6,2024-03-13,14:45:44,-04:00,2024-03-13T14:45:44-04:00,0,0
src/routes/+layout.svelte,24,svelte,a577ce32,rileyoh6,2024-03-13,14:45:44,-04:00,2024-03-13T14:45:44-04:00,0,4
src/routes/+layout.svelte,25,svelte,a577ce32,rileyoh6,2024-03-13,14:45:44,-04:00,2024-03-13T14:45:44-04:00,0,18
src/routes/+layout.svelte,26,svelte,a577ce32,rileyoh6,2024-03-13,14:45:44,-04:00,2024-03-13T14:45:44-04:00,0,119
src/routes/+layout.svelte,27,svelte,a577ce32,rileyoh6,2024-03-13,14:45:44,-04:00,2024-03-13T14:45:44-04:00,0,10
src/routes/+layout.svelte,28,svelte,a577ce32,rileyoh6,2024-03-13,14:45:44,-04:00,2024-03-13T14:45:44-04:00,0,3
src/routes/+layout.svelte,29,svelte,a577ce32,rileyoh6,2024-03-13,14:45:44,-04:00,2024-03-13T14:45:44-04:00,0,6
src/routes/+layout.svelte,30,svelte,a577ce32,rileyoh6,2024-03-13,14:45:44,-04:00,2024-03-13T14:45:44-04:00,0,5
src/routes/+layout.svelte,31,svelte,a577ce32,rileyoh6,2024-03-13,14:45:44,-04:00,2024-03-13T14:45:44-04:00,0,0
src/routes/+layout.svelte,32,svelte,a577ce32,rileyoh6,2024-03-13,14:45:44,-04:00,2024-03-13T14:45:44-04:00,0,0
src/routes/+layout.svelte,33,svelte,a577ce32,rileyoh6,2024-03-13,14:45:44,-04:00,2024-03-13T14:45:44-04:00,0,0
src/routes/+layout.svelte,34,svelte,a577ce32,rileyoh6,2024-03-13,14:45:44,-04:00,2024-03-13T14:45:44-04:00,0,7
src/routes/+layout.svelte,35,svelte,a577ce32,rileyoh6,2024-03-13,14:45:44,-04:00,2024-03-13T14:45:44-04:00,0,6
src/routes/+layout.svelte,36,css,a577ce32,rileyoh6,2024-03-13,14:45:44,-04:00,2024-03-13T14:45:44-04:00,0,4
src/routes/+layout.svelte,37,css,a577ce32,rileyoh6,2024-03-13,14:45:44,-04:00,2024-03-13T14:45:44-04:00,0,13
src/routes/+layout.svelte,38,css,a577ce32,rileyoh6,2024-03-13,14:45:44,-04:00,2024-03-13T14:45:44-04:00,0,18
src/routes/+layout.svelte,39,css,a577ce32,rileyoh6,2024-03-13,14:45:44,-04:00,2024-03-13T14:45:44-04:00,0,24
src/routes/+layout.svelte,40,css,a577ce32,rileyoh6,2024-03-13,14:45:44,-04:00,2024-03-13T14:45:44-04:00,0,26
src/routes/+layout.svelte,41,css,a577ce32,rileyoh6,2024-03-13,14:45:44,-04:00,2024-03-13T14:45:44-04:00,0,38
src/routes/+layout.svelte,42,css,a577ce32,rileyoh6,2024-03-13,14:45:44,-04:00,2024-03-13T14:45:44-04:00,0,0
src/routes/+layout.svelte,43,css,a577ce32,rileyoh6,2024-03-13,14:45:44,-04:00,2024-03-13T14:45:44-04:00,0,0
src/routes/+layout.svelte,44,css,a577ce32,rileyoh6,2024-03-13,14:45:44,-04:00,2024-03-13T14:45:44-04:00,0,6
src/routes/+layout.svelte,45,css,a577ce32,rileyoh6,2024-03-13,14:45:44,-04:00,2024-03-13T14:45:44-04:00,0,7
src/routes/+layout.svelte,46,css,a577ce32,rileyoh6,2024-03-13,14:45:44,-04:00,2024-03-13T14:45:44-04:00,0,21
src/routes/+layout.svelte,47,css,a577ce32,rileyoh6,2024-03-13,14:45:44,-04:00,2024-03-13T14:45:44-04:00,0,14
src/routes/+layout.svelte,48,css,a577ce32,rileyoh6,2024-03-13,14:45:44,-04:00,2024-03-13T14:45:44-04:00,0,18
src/routes/+layout.svelte,49,css,a577ce32,rileyoh6,2024-03-13,14:45:44,-04:00,2024-03-13T14:45:44-04:00,0,14
src/routes/+layout.svelte,50,css,a577ce32,rileyoh6,2024-03-13,14:45:44,-04:00,2024-03-13T14:45:44-04:00,0,0
src/routes/+layout.svelte,51,css,a577ce32,rileyoh6,2024-03-13,14:45:44,-04:00,2024-03-13T14:45:44-04:00,0,0
src/routes/+layout.svelte,52,css,a577ce32,rileyoh6,2024-03-13,14:45:44,-04:00,2024-03-13T14:45:44-04:00,0,13
src/routes/+layout.svelte,53,css,a577ce32,rileyoh6,2024-03-13,14:45:44,-04:00,2024-03-13T14:45:44-04:00,0,44
src/routes/+layout.svelte,54,css,a577ce32,rileyoh6,2024-03-13,14:45:44,-04:00,2024-03-13T14:45:44-04:00,0,19
src/routes/+layout.svelte,55,css,a577ce32,rileyoh6,2024-03-13,14:45:44,-04:00,2024-03-13T14:45:44-04:00,0,0
src/routes/+layout.svelte,56,css,a577ce32,rileyoh6,2024-03-13,14:45:44,-04:00,2024-03-13T14:45:44-04:00,0,0
src/routes/+layout.svelte,57,css,a577ce32,rileyoh6,2024-03-13,14:45:44,-04:00,2024-03-13T14:45:44-04:00,0,12
src/routes/+layout.svelte,58,css,a577ce32,rileyoh6,2024-03-13,14:45:44,-04:00,2024-03-13T14:45:44-04:00,0,46
src/routes/+layout.svelte,59,css,a577ce32,rileyoh6,2024-03-13,14:45:44,-04:00,2024-03-13T14:45:44-04:00,0,19
src/routes/+layout.svelte,60,css,a577ce32,rileyoh6,2024-03-13,14:45:44,-04:00,2024-03-13T14:45:44-04:00,0,0
src/routes/+layout.svelte,61,css,a577ce32,rileyoh6,2024-03-13,14:45:44,-04:00,2024-03-13T14:45:44-04:00,0,0
src/routes/+layout.svelte,62,css,a577ce32,rileyoh6,2024-03-13,14:45:44,-04:00,2024-03-13T14:45:44-04:00,0,6
src/routes/+layout.svelte,63,css,a577ce32,rileyoh6,2024-03-13,14:45:44,-04:00,2024-03-13T14:45:44-04:00,0,18
src/routes/+layout.svelte,64,css,a577ce32,rileyoh6,2024-03-13,14:45:44,-04:00,2024-03-13T14:45:44-04:00,0,9
src/routes/+layout.svelte,65,css,a577ce32,rileyoh6,2024-03-13,14:45:44,-04:00,2024-03-13T14:45:44-04:00,0,8
src/routes/+layout.svelte,66,css,a577ce32,rileyoh6,2024-03-13,14:45:44,-04:00,2024-03-13T14:45:44-04:00,0,0
src/routes/+layout.svelte,67,svelte,a577ce32,rileyoh6,2024-03-13,14:45:44,-04:00,2024-03-13T14:45:44-04:00,0,7
src/routes/+layout.svelte,68,svelte,a577ce32,rileyoh6,2024-03-13,14:45:44,-04:00,2024-03-13T14:45:44-04:00,0,0
src/routes/+layout.svelte,69,svelte,a577ce32,rileyoh6,2024-03-13,14:45:44,-04:00,2024-03-13T14:45:44-04:00,0,27
src/routes/+layout.svelte,70,svelte,a577ce32,rileyoh6,2024-03-13,14:45:44,-04:00,2024-03-13T14:45:44-04:00,0,5
src/routes/+layout.svelte,71,svelte,a577ce32,rileyoh6,2024-03-13,14:45:44,-04:00,2024-03-13T14:45:44-04:00,0,49
src/routes/+layout.svelte,72,svelte,a577ce32,rileyoh6,2024-03-13,14:45:44,-04:00,2024-03-13T14:45:44-04:00,0,44
src/routes/+layout.svelte,73,svelte,a577ce32,rileyoh6,2024-03-13,14:45:44,-04:00,2024-03-13T14:45:44-04:00,0,35
src/routes/+layout.svelte,74,svelte,a577ce32,rileyoh6,2024-03-13,14:45:44,-04:00,2024-03-13T14:45:44-04:00,0,33
src/routes/+layout.svelte,75,svelte,a577ce32,rileyoh6,2024-03-13,14:45:44,-04:00,2024-03-13T14:45:44-04:00,0,8
src/routes/+layout.svelte,76,svelte,a577ce32,rileyoh6,2024-03-13,14:45:44,-04:00,2024-03-13T14:45:44-04:00,0,7
src/routes/+layout.svelte,77,svelte,a577ce32,rileyoh6,2024-03-13,14:45:44,-04:00,2024-03-13T14:45:44-04:00,0,0
src/routes/resume/+page.svelte,1,svelte,8b3e61da,rileyoh6,2024-03-03,17:51:54,-05:00,2024-03-03T17:51:54-05:00,0,12
src/routes/resume/+page.svelte,2,svelte,8b3e61da,rileyoh6,2024-03-03,17:51:54,-05:00,2024-03-03T17:51:54-05:00,1,20
src/routes/resume/+page.svelte,3,svelte,8b3e61da,rileyoh6,2024-03-03,17:51:54,-05:00,2024-03-03T17:51:54-05:00,0,13
src/routes/resume/+page.svelte,4,svelte,7a67c310,rileyoh6,2024-03-05,21:16:27,-05:00,2024-03-05T21:16:27-05:00,0,0
src/routes/resume/+page.svelte,5,svelte,8b3e61da,rileyoh6,2024-03-03,17:51:54,-05:00,2024-03-03T17:51:54-05:00,0,8
src/routes/resume/+page.svelte,6,svelte,8b3e61da,rileyoh6,2024-03-03,17:51:54,-05:00,2024-03-03T17:51:54-05:00,0,25
src/routes/resume/+page.svelte,7,svelte,8b3e61da,rileyoh6,2024-03-03,17:51:54,-05:00,2024-03-03T17:51:54-05:00,0,0
src/routes/resume/+page.svelte,8,svelte,8b3e61da,rileyoh6,2024-03-03,17:51:54,-05:00,2024-03-03T17:51:54-05:00,0,8
src/routes/resume/+page.svelte,9,svelte,8b3e61da,rileyoh6,2024-03-03,17:51:54,-05:00,2024-03-03T17:51:54-05:00,0,17
src/routes/resume/+page.svelte,10,svelte,8b3e61da,rileyoh6,2024-03-03,17:51:54,-05:00,2024-03-03T17:51:54-05:00,0,8
src/routes/resume/+page.svelte,11,svelte,8b3e61da,rileyoh6,2024-03-03,17:51:54,-05:00,2024-03-03T17:51:54-05:00,0,95
src/routes/resume/+page.svelte,12,svelte,8b3e61da,rileyoh6,2024-03-03,17:51:54,-05:00,2024-03-03T17:51:54-05:00,0,61
src/routes/resume/+page.svelte,13,svelte,8b3e61da,rileyoh6,2024-03-03,17:51:54,-05:00,2024-03-03T17:51:54-05:00,0,2
src/routes/resume/+page.svelte,14,svelte,8b3e61da,rileyoh6,2024-03-03,17:51:54,-05:00,2024-03-03T17:51:54-05:00,0,134
src/routes/resume/+page.svelte,15,svelte,8b3e61da,rileyoh6,2024-03-03,17:51:54,-05:00,2024-03-03T17:51:54-05:00,0,64
src/routes/resume/+page.svelte,16,svelte,8b3e61da,rileyoh6,2024-03-03,17:51:54,-05:00,2024-03-03T17:51:54-05:00,0,3
src/routes/resume/+page.svelte,17,svelte,8b3e61da,rileyoh6,2024-03-03,17:51:54,-05:00,2024-03-03T17:51:54-05:00,0,9
src/routes/resume/+page.svelte,18,svelte,8b3e61da,rileyoh6,2024-03-03,17:51:54,-05:00,2024-03-03T17:51:54-05:00,0,9
src/routes/resume/+page.svelte,19,svelte,8b3e61da,rileyoh6,2024-03-03,17:51:54,-05:00,2024-03-03T17:51:54-05:00,0,0
src/routes/resume/+page.svelte,20,svelte,8b3e61da,rileyoh6,2024-03-03,17:51:54,-05:00,2024-03-03T17:51:54-05:00,0,8
src/routes/resume/+page.svelte,21,svelte,8b3e61da,rileyoh6,2024-03-03,17:51:54,-05:00,2024-03-03T17:51:54-05:00,0,18
src/routes/resume/+page.svelte,22,svelte,8b3e61da,rileyoh6,2024-03-03,17:51:54,-05:00,2024-03-03T17:51:54-05:00,0,0
src/routes/resume/+page.svelte,23,svelte,8b3e61da,rileyoh6,2024-03-03,17:51:54,-05:00,2024-03-03T17:51:54-05:00,0,8
src/routes/resume/+page.svelte,24,svelte,8b3e61da,rileyoh6,2024-03-03,17:51:54,-05:00,2024-03-03T17:51:54-05:00,0,65
src/routes/resume/+page.svelte,25,svelte,8b3e61da,rileyoh6,2024-03-03,17:51:54,-05:00,2024-03-03T17:51:54-05:00,0,34
src/routes/resume/+page.svelte,26,svelte,8b3e61da,rileyoh6,2024-03-03,17:51:54,-05:00,2024-03-03T17:51:54-05:00,0,19
src/routes/resume/+page.svelte,27,svelte,8b3e61da,rileyoh6,2024-03-03,17:51:54,-05:00,2024-03-03T17:51:54-05:00,0,3
src/routes/resume/+page.svelte,28,svelte,8b3e61da,rileyoh6,2024-03-03,17:51:54,-05:00,2024-03-03T17:51:54-05:00,0,101
src/routes/resume/+page.svelte,29,svelte,8b3e61da,rileyoh6,2024-03-03,17:51:54,-05:00,2024-03-03T17:51:54-05:00,0,66
src/routes/resume/+page.svelte,30,svelte,8b3e61da,rileyoh6,2024-03-03,17:51:54,-05:00,2024-03-03T17:51:54-05:00,0,102
src/routes/resume/+page.svelte,31,svelte,8b3e61da,rileyoh6,2024-03-03,17:51:54,-05:00,2024-03-03T17:51:54-05:00,0,80
src/routes/resume/+page.svelte,32,svelte,8b3e61da,rileyoh6,2024-03-03,17:51:54,-05:00,2024-03-03T17:51:54-05:00,0,103
src/routes/resume/+page.svelte,33,svelte,8b3e61da,rileyoh6,2024-03-03,17:51:54,-05:00,2024-03-03T17:51:54-05:00,0,4
src/routes/resume/+page.svelte,34,svelte,8b3e61da,rileyoh6,2024-03-03,17:51:54,-05:00,2024-03-03T17:51:54-05:00,0,50
src/routes/resume/+page.svelte,35,svelte,8b3e61da,rileyoh6,2024-03-03,17:51:54,-05:00,2024-03-03T17:51:54-05:00,0,9
src/routes/resume/+page.svelte,36,svelte,8b3e61da,rileyoh6,2024-03-03,17:51:54,-05:00,2024-03-03T17:51:54-05:00,0,0
src/routes/resume/+page.svelte,37,svelte,8b3e61da,rileyoh6,2024-03-03,17:51:54,-05:00,2024-03-03T17:51:54-05:00,0,8
src/routes/resume/+page.svelte,38,svelte,8b3e61da,rileyoh6,2024-03-03,17:51:54,-05:00,2024-03-03T17:51:54-05:00,0,60
src/routes/resume/+page.svelte,39,svelte,8b3e61da,rileyoh6,2024-03-03,17:51:54,-05:00,2024-03-03T17:51:54-05:00,0,34
src/routes/resume/+page.svelte,40,svelte,8b3e61da,rileyoh6,2024-03-03,17:51:54,-05:00,2024-03-03T17:51:54-05:00,0,20
src/routes/resume/+page.svelte,41,svelte,8b3e61da,rileyoh6,2024-03-03,17:51:54,-05:00,2024-03-03T17:51:54-05:00,0,3
src/routes/resume/+page.svelte,42,svelte,8b3e61da,rileyoh6,2024-03-03,17:51:54,-05:00,2024-03-03T17:51:54-05:00,0,106
src/routes/resume/+page.svelte,43,svelte,8b3e61da,rileyoh6,2024-03-03,17:51:54,-05:00,2024-03-03T17:51:54-05:00,0,39
src/routes/resume/+page.svelte,44,svelte,8b3e61da,rileyoh6,2024-03-03,17:51:54,-05:00,2024-03-03T17:51:54-05:00,0,111
src/routes/resume/+page.svelte,45,svelte,8b3e61da,rileyoh6,2024-03-03,17:51:54,-05:00,2024-03-03T17:51:54-05:00,0,75
src/routes/resume/+page.svelte,46,svelte,8b3e61da,rileyoh6,2024-03-03,17:51:54,-05:00,2024-03-03T17:51:54-05:00,0,4
src/routes/resume/+page.svelte,47,svelte,8b3e61da,rileyoh6,2024-03-03,17:51:54,-05:00,2024-03-03T17:51:54-05:00,0,60
src/routes/resume/+page.svelte,48,svelte,8b3e61da,rileyoh6,2024-03-03,17:51:54,-05:00,2024-03-03T17:51:54-05:00,0,9
src/routes/resume/+page.svelte,49,svelte,8b3e61da,rileyoh6,2024-03-03,17:51:54,-05:00,2024-03-03T17:51:54-05:00,0,0
src/routes/resume/+page.svelte,50,svelte,8b3e61da,rileyoh6,2024-03-03,17:51:54,-05:00,2024-03-03T17:51:54-05:00,0,8
src/routes/resume/+page.svelte,51,svelte,8b3e61da,rileyoh6,2024-03-03,17:51:54,-05:00,2024-03-03T17:51:54-05:00,0,55
src/routes/resume/+page.svelte,52,svelte,8b3e61da,rileyoh6,2024-03-03,17:51:54,-05:00,2024-03-03T17:51:54-05:00,0,34
src/routes/resume/+page.svelte,53,svelte,8b3e61da,rileyoh6,2024-03-03,17:51:54,-05:00,2024-03-03T17:51:54-05:00,0,19
src/routes/resume/+page.svelte,54,svelte,8b3e61da,rileyoh6,2024-03-03,17:51:54,-05:00,2024-03-03T17:51:54-05:00,0,3
src/routes/resume/+page.svelte,55,svelte,8b3e61da,rileyoh6,2024-03-03,17:51:54,-05:00,2024-03-03T17:51:54-05:00,0,114
src/routes/resume/+page.svelte,56,svelte,8b3e61da,rileyoh6,2024-03-03,17:51:54,-05:00,2024-03-03T17:51:54-05:00,0,81
src/routes/resume/+page.svelte,57,svelte,8b3e61da,rileyoh6,2024-03-03,17:51:54,-05:00,2024-03-03T17:51:54-05:00,0,4
src/routes/resume/+page.svelte,58,svelte,8b3e61da,rileyoh6,2024-03-03,17:51:54,-05:00,2024-03-03T17:51:54-05:00,0,69
src/routes/resume/+page.svelte,59,svelte,8b3e61da,rileyoh6,2024-03-03,17:51:54,-05:00,2024-03-03T17:51:54-05:00,0,9
src/routes/resume/+page.svelte,60,svelte,8b3e61da,rileyoh6,2024-03-03,17:51:54,-05:00,2024-03-03T17:51:54-05:00,0,9
src/routes/resume/+page.svelte,61,svelte,8b3e61da,rileyoh6,2024-03-03,17:51:54,-05:00,2024-03-03T17:51:54-05:00,0,0
src/routes/resume/+page.svelte,62,svelte,8b3e61da,rileyoh6,2024-03-03,17:51:54,-05:00,2024-03-03T17:51:54-05:00,0,8
src/routes/resume/+page.svelte,63,svelte,8b3e61da,rileyoh6,2024-03-03,17:51:54,-05:00,2024-03-03T17:51:54-05:00,0,16
src/routes/resume/+page.svelte,64,svelte,8b3e61da,rileyoh6,2024-03-03,17:51:54,-05:00,2024-03-03T17:51:54-05:00,0,8
src/routes/resume/+page.svelte,65,svelte,8b3e61da,rileyoh6,2024-03-03,17:51:54,-05:00,2024-03-03T17:51:54-05:00,0,85
src/routes/resume/+page.svelte,66,svelte,8b3e61da,rileyoh6,2024-03-03,17:51:54,-05:00,2024-03-03T17:51:54-05:00,0,51
src/routes/resume/+page.svelte,67,svelte,8b3e61da,rileyoh6,2024-03-03,17:51:54,-05:00,2024-03-03T17:51:54-05:00,0,90
src/routes/resume/+page.svelte,68,svelte,8b3e61da,rileyoh6,2024-03-03,17:51:54,-05:00,2024-03-03T17:51:54-05:00,0,9
src/routes/resume/+page.svelte,69,svelte,8b3e61da,rileyoh6,2024-03-03,17:51:54,-05:00,2024-03-03T17:51:54-05:00,0,9
src/routes/resume/+page.svelte,70,svelte,8b3e61da,rileyoh6,2024-03-03,17:51:54,-05:00,2024-03-03T17:51:54-05:00,0,0
src/routes/resume/+page.svelte,71,svelte,8b3e61da,rileyoh6,2024-03-03,17:51:54,-05:00,2024-03-03T17:51:54-05:00,0,9
src/routes/resume/+page.svelte,72,svelte,7a67c310,rileyoh6,2024-03-05,21:16:27,-05:00,2024-03-05T21:16:27-05:00,0,0
src/routes/projects/+page.svelte,1,svelte,917c6252,rileyoh6,2024-03-05,15:14:21,-05:00,2024-03-05T15:14:21-05:00,0,7
src/routes/projects/+page.svelte,2,js,ec211d57,rileyoh6,2024-03-20,13:34:51,-04:00,2024-03-20T13:34:51-04:00,0,41
src/routes/projects/+page.svelte,3,js,917c6252,rileyoh6,2024-03-05,15:14:21,-05:00,2024-03-05T15:14:21-05:00,0,41
src/routes/projects/+page.svelte,4,js,ec211d57,rileyoh6,2024-03-20,13:34:51,-04:00,2024-03-20T13:34:51-04:00,0,33
src/routes/projects/+page.svelte,5,js,ec211d57,rileyoh6,2024-03-20,13:34:51,-04:00,2024-03-20T13:34:51-04:00,0,24
src/routes/projects/+page.svelte,6,js,ec211d57,rileyoh6,2024-03-20,13:34:51,-04:00,2024-03-20T13:34:51-04:00,0,0
src/routes/projects/+page.svelte,7,js,ec211d57,rileyoh6,2024-03-20,13:34:51,-04:00,2024-03-20T13:34:51-04:00,0,14
src/routes/projects/+page.svelte,8,js,ec211d57,rileyoh6,2024-03-20,13:34:51,-04:00,2024-03-20T13:34:51-04:00,0,20
src/routes/projects/+page.svelte,9,js,ec211d57,rileyoh6,2024-03-20,13:34:51,-04:00,2024-03-20T13:34:51-04:00,0,0
src/routes/projects/+page.svelte,10,js,39811d21,rileyoh6,2024-03-20,15:18:52,-04:00,2024-03-20T15:18:52-04:00,0,0
src/routes/projects/+page.svelte,11,js,ec211d57,rileyoh6,2024-03-20,13:34:51,-04:00,2024-03-20T13:34:51-04:00,0,0
src/routes/projects/+page.svelte,12,js,ec211d57,rileyoh6,2024-03-20,13:34:51,-04:00,2024-03-20T13:34:51-04:00,0,26
src/routes/projects/+page.svelte,13,js,ec211d57,rileyoh6,2024-03-20,13:34:51,-04:00,2024-03-20T13:34:51-04:00,0,16
src/routes/projects/+page.svelte,14,js,39811d21,rileyoh6,2024-03-20,15:18:52,-04:00,2024-03-20T15:18:52-04:00,0,49
src/routes/projects/+page.svelte,15,js,39811d21,rileyoh6,2024-03-20,15:18:52,-04:00,2024-03-20T15:18:52-04:00,0,60
src/routes/projects/+page.svelte,16,js,39811d21,rileyoh6,2024-03-20,15:18:52,-04:00,2024-03-20T15:18:52-04:00,0,43
src/routes/projects/+page.svelte,17,js,39811d21,rileyoh6,2024-03-20,15:18:52,-04:00,2024-03-20T15:18:52-04:00,0,2
src/routes/projects/+page.svelte,18,js,ec211d57,rileyoh6,2024-03-20,13:34:51,-04:00,2024-03-20T13:34:51-04:00,0,0
src/routes/projects/+page.svelte,19,js,39811d21,rileyoh6,2024-03-20,15:18:52,-04:00,2024-03-20T15:18:52-04:00,0,11
src/routes/projects/+page.svelte,20,js,ec211d57,rileyoh6,2024-03-20,13:34:51,-04:00,2024-03-20T13:34:51-04:00,0,3
src/routes/projects/+page.svelte,21,js,39811d21,rileyoh6,2024-03-20,15:18:52,-04:00,2024-03-20T15:18:52-04:00,0,12
src/routes/projects/+page.svelte,22,js,ec211d57,rileyoh6,2024-03-20,13:34:51,-04:00,2024-03-20T13:34:51-04:00,0,27
src/routes/projects/+page.svelte,23,js,ec211d57,rileyoh6,2024-03-20,13:34:51,-04:00,2024-03-20T13:34:51-04:00,0,16
src/routes/projects/+page.svelte,24,js,ec211d57,rileyoh6,2024-03-20,13:34:51,-04:00,2024-03-20T13:34:51-04:00,0,15
src/routes/projects/+page.svelte,25,js,ec211d57,rileyoh6,2024-03-20,13:34:51,-04:00,2024-03-20T13:34:51-04:00,0,13
src/routes/projects/+page.svelte,26,js,ec211d57,rileyoh6,2024-03-20,13:34:51,-04:00,2024-03-20T13:34:51-04:00,0,1
src/routes/projects/+page.svelte,27,js,ec211d57,rileyoh6,2024-03-20,13:34:51,-04:00,2024-03-20T13:34:51-04:00,0,44
src/routes/projects/+page.svelte,28,js,ec211d57,rileyoh6,2024-03-20,13:34:51,-04:00,2024-03-20T13:34:51-04:00,0,36
src/routes/projects/+page.svelte,29,js,ec211d57,rileyoh6,2024-03-20,13:34:51,-04:00,2024-03-20T13:34:51-04:00,0,2
src/routes/projects/+page.svelte,30,js,ec211d57,rileyoh6,2024-03-20,13:34:51,-04:00,2024-03-20T13:34:51-04:00,0,0
src/routes/projects/+page.svelte,31,js,ec211d57,rileyoh6,2024-03-20,13:34:51,-04:00,2024-03-20T13:34:51-04:00,0,13
src/routes/projects/+page.svelte,32,js,ec211d57,rileyoh6,2024-03-20,13:34:51,-04:00,2024-03-20T13:34:51-04:00,0,64
src/routes/projects/+page.svelte,33,js,ec211d57,rileyoh6,2024-03-20,13:34:51,-04:00,2024-03-20T13:34:51-04:00,0,0
src/routes/projects/+page.svelte,34,js,ec211d57,rileyoh6,2024-03-20,13:34:51,-04:00,2024-03-20T13:34:51-04:00,0,0
src/routes/projects/+page.svelte,35,js,ec211d57,rileyoh6,2024-03-20,13:34:51,-04:00,2024-03-20T13:34:51-04:00,0,37
src/routes/projects/+page.svelte,36,js,ec211d57,rileyoh6,2024-03-20,13:34:51,-04:00,2024-03-20T13:34:51-04:00,0,18
src/routes/projects/+page.svelte,37,js,ec211d57,rileyoh6,2024-03-20,13:34:51,-04:00,2024-03-20T13:34:51-04:00,0,3
src/routes/projects/+page.svelte,38,js,ec211d57,rileyoh6,2024-03-20,13:34:51,-04:00,2024-03-20T13:34:51-04:00,0,28
src/routes/projects/+page.svelte,39,js,ec211d57,rileyoh6,2024-03-20,13:34:51,-04:00,2024-03-20T13:34:51-04:00,0,25
src/routes/projects/+page.svelte,40,js,ec211d57,rileyoh6,2024-03-20,13:34:51,-04:00,2024-03-20T13:34:51-04:00,0,42
src/routes/projects/+page.svelte,41,js,ec211d57,rileyoh6,2024-03-20,13:34:51,-04:00,2024-03-20T13:34:51-04:00,0,0
src/routes/projects/+page.svelte,42,js,ec211d57,rileyoh6,2024-03-20,13:34:51,-04:00,2024-03-20T13:34:51-04:00,0,18
src/routes/projects/+page.svelte,43,js,ec211d57,rileyoh6,2024-03-20,13:34:51,-04:00,2024-03-20T13:34:51-04:00,0,0
src/routes/projects/+page.svelte,44,svelte,917c6252,rileyoh6,2024-03-05,15:14:21,-05:00,2024-03-05T15:14:21-05:00,0,8
src/routes/projects/+page.svelte,45,svelte,917c6252,rileyoh6,2024-03-05,15:14:21,-05:00,2024-03-05T15:14:21-05:00,0,0
src/routes/projects/+page.svelte,46,svelte,8b3e61da,rileyoh6,2024-03-03,17:51:54,-05:00,2024-03-03T17:51:54-05:00,0,12
src/routes/projects/+page.svelte,47,svelte,ec211d57,rileyoh6,2024-03-20,13:34:51,-04:00,2024-03-20T13:34:51-04:00,0,22
src/routes/projects/+page.svelte,48,svelte,8b3e61da,rileyoh6,2024-03-03,17:51:54,-05:00,2024-03-03T17:51:54-05:00,0,13
src/routes/projects/+page.svelte,49,svelte,917c6252,rileyoh6,2024-03-05,15:14:21,-05:00,2024-03-05T15:14:21-05:00,0,0
src/routes/projects/+page.svelte,50,svelte,39811d21,rileyoh6,2024-03-20,15:18:52,-04:00,2024-03-20T15:18:52-04:00,0,40
src/routes/projects/+page.svelte,51,svelte,ec211d57,rileyoh6,2024-03-20,13:34:51,-04:00,2024-03-20T13:34:51-04:00,0,0
src/routes/projects/+page.svelte,52,svelte,ec211d57,rileyoh6,2024-03-20,13:34:51,-04:00,2024-03-20T13:34:51-04:00,0,60
src/routes/projects/+page.svelte,53,svelte,ec211d57,rileyoh6,2024-03-20,13:34:51,-04:00,2024-03-20T13:34:51-04:00,0,5
src/routes/projects/+page.svelte,54,svelte,ec211d57,rileyoh6,2024-03-20,13:34:51,-04:00,2024-03-20T13:34:51-04:00,0,12
src/routes/projects/+page.svelte,55,svelte,ec211d57,rileyoh6,2024-03-20,13:34:51,-04:00,2024-03-20T13:34:51-04:00,0,17
src/routes/projects/+page.svelte,56,svelte,ec211d57,rileyoh6,2024-03-20,13:34:51,-04:00,2024-03-20T13:34:51-04:00,0,27
src/routes/projects/+page.svelte,57,svelte,ec211d57,rileyoh6,2024-03-20,13:34:51,-04:00,2024-03-20T13:34:51-04:00,0,32
src/routes/projects/+page.svelte,58,svelte,ec211d57,rileyoh6,2024-03-20,13:34:51,-04:00,2024-03-20T13:34:51-04:00,0,1
src/routes/projects/+page.svelte,59,svelte,ec211d57,rileyoh6,2024-03-20,13:34:51,-04:00,2024-03-20T13:34:51-04:00,0,21
src/routes/projects/+page.svelte,60,svelte,ec211d57,rileyoh6,2024-03-20,13:34:51,-04:00,2024-03-20T13:34:51-04:00,0,26
src/routes/projects/+page.svelte,61,svelte,917c6252,rileyoh6,2024-03-05,15:14:21,-05:00,2024-03-05T15:14:21-05:00,0,19
src/routes/projects/+page.svelte,62,svelte,ec211d57,rileyoh6,2024-03-20,13:34:51,-04:00,2024-03-20T13:34:51-04:00,0,6
src/routes/projects/+page.svelte,63,svelte,ec211d57,rileyoh6,2024-03-20,13:34:51,-04:00,2024-03-20T13:34:51-04:00,0,5
src/routes/projects/+page.svelte,64,svelte,ec211d57,rileyoh6,2024-03-20,13:34:51,-04:00,2024-03-20T13:34:51-04:00,0,0
src/routes/projects/+page.svelte,65,svelte,ec211d57,rileyoh6,2024-03-20,13:34:51,-04:00,2024-03-20T13:34:51-04:00,0,6
src/routes/projects/+page.svelte,66,css,ec211d57,rileyoh6,2024-03-20,13:34:51,-04:00,2024-03-20T13:34:51-04:00,0,10
src/routes/projects/+page.svelte,67,css,ec211d57,rileyoh6,2024-03-20,13:34:51,-04:00,2024-03-20T13:34:51-04:00,0,13
src/routes/projects/+page.svelte,68,css,ec211d57,rileyoh6,2024-03-20,13:34:51,-04:00,2024-03-20T13:34:51-04:00,0,59
src/routes/projects/+page.svelte,69,css,ec211d57,rileyoh6,2024-03-20,13:34:51,-04:00,2024-03-20T13:34:51-04:00,0,0
src/routes/projects/+page.svelte,70,css,ec211d57,rileyoh6,2024-03-20,13:34:51,-04:00,2024-03-20T13:34:51-04:00,0,18
src/routes/projects/+page.svelte,71,css,ec211d57,rileyoh6,2024-03-20,13:34:51,-04:00,2024-03-20T13:34:51-04:00,0,13
src/routes/projects/+page.svelte,72,css,ec211d57,rileyoh6,2024-03-20,13:34:51,-04:00,2024-03-20T13:34:51-04:00,0,70
src/routes/projects/+page.svelte,73,css,ec211d57,rileyoh6,2024-03-20,13:34:51,-04:00,2024-03-20T13:34:51-04:00,0,16
src/routes/projects/+page.svelte,74,css,ec211d57,rileyoh6,2024-03-20,13:34:51,-04:00,2024-03-20T13:34:51-04:00,0,0
src/routes/projects/+page.svelte,75,css,ec211d57,rileyoh6,2024-03-20,13:34:51,-04:00,2024-03-20T13:34:51-04:00,0,0
src/routes/projects/+page.svelte,76,css,ec211d57,rileyoh6,2024-03-20,13:34:51,-04:00,2024-03-20T13:34:51-04:00,0,41
src/routes/projects/+page.svelte,77,css,ec211d57,rileyoh6,2024-03-20,13:34:51,-04:00,2024-03-20T13:34:51-04:00,0,21
src/routes/projects/+page.svelte,78,css,ec211d57,rileyoh6,2024-03-20,13:34:51,-04:00,2024-03-20T13:34:51-04:00,0,9
src/routes/projects/+page.svelte,79,css,ec211d57,rileyoh6,2024-03-20,13:34:51,-04:00,2024-03-20T13:34:51-04:00,0,0
src/routes/projects/+page.svelte,80,css,ec211d57,rileyoh6,2024-03-20,13:34:51,-04:00,2024-03-20T13:34:51-04:00,0,0
src/routes/projects/+page.svelte,81,css,ec211d57,rileyoh6,2024-03-20,13:34:51,-04:00,2024-03-20T13:34:51-04:00,0,21
src/routes/projects/+page.svelte,82,css,ec211d57,rileyoh6,2024-03-20,13:34:51,-04:00,2024-03-20T13:34:51-04:00,0,12
src/routes/projects/+page.svelte,83,css,ec211d57,rileyoh6,2024-03-20,13:34:51,-04:00,2024-03-20T13:34:51-04:00,0,22
src/routes/projects/+page.svelte,84,css,ec211d57,rileyoh6,2024-03-20,13:34:51,-04:00,2024-03-20T13:34:51-04:00,0,18
src/routes/projects/+page.svelte,85,css,ec211d57,rileyoh6,2024-03-20,13:34:51,-04:00,2024-03-20T13:34:51-04:00,0,16
src/routes/projects/+page.svelte,86,css,ec211d57,rileyoh6,2024-03-20,13:34:51,-04:00,2024-03-20T13:34:51-04:00,0,0
src/routes/projects/+page.svelte,87,svelte,ec211d57,rileyoh6,2024-03-20,13:34:51,-04:00,2024-03-20T13:34:51-04:00,0,7
src/routes/github/+page.svelte,1,svelte,917c6252,rileyoh6,2024-03-05,15:14:21,-05:00,2024-03-05T15:14:21-05:00,0,63
src/routes/contact/+page.svelte,1,svelte,8b3e61da,rileyoh6,2024-03-03,17:51:54,-05:00,2024-03-03T17:51:54-05:00,0,12
src/routes/contact/+page.svelte,2,svelte,8b3e61da,rileyoh6,2024-03-03,17:51:54,-05:00,2024-03-03T17:51:54-05:00,1,24
src/routes/contact/+page.svelte,3,svelte,8b3e61da,rileyoh6,2024-03-03,17:51:54,-05:00,2024-03-03T17:51:54-05:00,0,13
src/routes/contact/+page.svelte,4,svelte,7a67c310,rileyoh6,2024-03-05,21:16:27,-05:00,2024-03-05T21:16:27-05:00,0,0
src/routes/contact/+page.svelte,5,svelte,8b3e61da,rileyoh6,2024-03-03,17:51:54,-05:00,2024-03-03T17:51:54-05:00,0,15
src/routes/contact/+page.svelte,6,svelte,8b3e61da,rileyoh6,2024-03-03,17:51:54,-05:00,2024-03-03T17:51:54-05:00,0,75
src/routes/contact/+page.svelte,7,svelte,8b3e61da,rileyoh6,2024-03-03,17:51:54,-05:00,2024-03-03T17:51:54-05:00,0,24
src/routes/contact/+page.svelte,8,svelte,8b3e61da,rileyoh6,2024-03-03,17:51:54,-05:00,2024-03-03T17:51:54-05:00,0,52
src/routes/contact/+page.svelte,9,svelte,8b3e61da,rileyoh6,2024-03-03,17:51:54,-05:00,2024-03-03T17:51:54-05:00,0,7
src/routes/contact/+page.svelte,10,svelte,8b3e61da,rileyoh6,2024-03-03,17:51:54,-05:00,2024-03-03T17:51:54-05:00,0,0
src/routes/contact/+page.svelte,11,svelte,8b3e61da,rileyoh6,2024-03-03,17:51:54,-05:00,2024-03-03T17:51:54-05:00,0,28
src/routes/contact/+page.svelte,12,svelte,8b3e61da,rileyoh6,2024-03-03,17:51:54,-05:00,2024-03-03T17:51:54-05:00,0,55
src/routes/contact/+page.svelte,13,svelte,8b3e61da,rileyoh6,2024-03-03,17:51:54,-05:00,2024-03-03T17:51:54-05:00,0,7
src/routes/contact/+page.svelte,14,svelte,8b3e61da,rileyoh6,2024-03-03,17:51:54,-05:00,2024-03-03T17:51:54-05:00,0,0
src/routes/contact/+page.svelte,15,svelte,8b3e61da,rileyoh6,2024-03-03,17:51:54,-05:00,2024-03-03T17:51:54-05:00,0,22
src/routes/contact/+page.svelte,16,svelte,8b3e61da,rileyoh6,2024-03-03,17:51:54,-05:00,2024-03-03T17:51:54-05:00,0,51
src/routes/contact/+page.svelte,17,svelte,8b3e61da,rileyoh6,2024-03-03,17:51:54,-05:00,2024-03-03T17:51:54-05:00,0,7
src/routes/contact/+page.svelte,18,svelte,8b3e61da,rileyoh6,2024-03-03,17:51:54,-05:00,2024-03-03T17:51:54-05:00,0,0
src/routes/contact/+page.svelte,19,svelte,8b3e61da,rileyoh6,2024-03-03,17:51:54,-05:00,2024-03-03T17:51:54-05:00,0,22
src/routes/contact/+page.svelte,20,svelte,8b3e61da,rileyoh6,2024-03-03,17:51:54,-05:00,2024-03-03T17:51:54-05:00,0,6
src/lib/index.js,1,js,8b8daf55,rileyoh6,2024-03-03,17:21:15,-05:00,2024-03-03T17:21:15-05:00,0,73
src/lib/Project.svelte,1,svelte,ec211d57,rileyoh6,2024-03-20,13:34:51,-04:00,2024-03-20T13:34:51-04:00,0,0
src/lib/Project.svelte,2,svelte,917c6252,rileyoh6,2024-03-05,15:14:21,-05:00,2024-03-05T15:14:21-05:00,0,8
src/lib/Project.svelte,3,svelte,39811d21,rileyoh6,2024-03-20,15:18:52,-04:00,2024-03-20T15:18:52-04:00,0,66
src/lib/Project.svelte,4,svelte,39811d21,rileyoh6,2024-03-20,15:18:52,-04:00,2024-03-20T15:18:52-04:00,0,28
src/lib/Project.svelte,5,svelte,ec211d57,rileyoh6,2024-03-20,13:34:51,-04:00,2024-03-20T13:34:51-04:00,0,4
src/lib/Project.svelte,6,svelte,39811d21,rileyoh6,2024-03-20,15:18:52,-04:00,2024-03-20T15:18:52-04:00,0,24
src/lib/Project.svelte,7,svelte,39811d21,rileyoh6,2024-03-20,15:18:52,-04:00,2024-03-20T15:18:52-04:00,0,33
src/lib/Project.svelte,8,svelte,ec211d57,rileyoh6,2024-03-20,13:34:51,-04:00,2024-03-20T13:34:51-04:00,0,5
src/lib/Project.svelte,9,svelte,ec211d57,rileyoh6,2024-03-20,13:34:51,-04:00,2024-03-20T13:34:51-04:00,0,0
src/lib/Project.svelte,10,svelte,ff533550,rileyoh6,2024-03-06,14:31:46,-05:00,2024-03-06T14:31:46-05:00,0,0
src/lib/Project.svelte,11,svelte,917c6252,rileyoh6,2024-03-05,15:14:21,-05:00,2024-03-05T15:14:21-05:00,0,9
src/lib/Project.svelte,12,svelte,917c6252,rileyoh6,2024-03-05,15:14:21,-05:00,2024-03-05T15:14:21-05:00,0,7
src/lib/Project.svelte,13,js,917c6252,rileyoh6,2024-03-05,15:14:21,-05:00,2024-03-05T15:14:21-05:00,0,20
src/lib/Project.svelte,14,js,9e2d1c19,rileyoh6,2024-03-05,16:12:50,-05:00,2024-03-05T16:12:50-05:00,0,21
src/lib/Project.svelte,15,js,917c6252,rileyoh6,2024-03-05,15:14:21,-05:00,2024-03-05T15:14:21-05:00,0,12
src/lib/Project.svelte,16,svelte,917c6252,rileyoh6,2024-03-05,15:14:21,-05:00,2024-03-05T15:14:21-05:00,0,8
src/lib/Project.svelte,17,svelte,c35a2aa7,rileyoh6,2024-03-06,14:40:11,-05:00,2024-03-06T14:40:11-05:00,0,6
src/lib/Project.svelte,18,css,ff533550,rileyoh6,2024-03-06,14:31:46,-05:00,2024-03-06T14:31:46-05:00,0,10
src/lib/Project.svelte,19,css,ff533550,rileyoh6,2024-03-06,14:31:46,-05:00,2024-03-06T14:31:46-05:00,0,13
src/lib/Project.svelte,20,css,ff533550,rileyoh6,2024-03-06,14:31:46,-05:00,2024-03-06T14:31:46-05:00,0,59
src/lib/Project.svelte,21,css,ff533550,rileyoh6,2024-03-06,14:31:46,-05:00,2024-03-06T14:31:46-05:00,0,0
src/lib/Project.svelte,22,css,ff533550,rileyoh6,2024-03-06,14:31:46,-05:00,2024-03-06T14:31:46-05:00,0,18
src/lib/Project.svelte,23,css,ff533550,rileyoh6,2024-03-06,14:31:46,-05:00,2024-03-06T14:31:46-05:00,0,13
src/lib/Project.svelte,24,css,ff533550,rileyoh6,2024-03-06,14:31:46,-05:00,2024-03-06T14:31:46-05:00,0,70
src/lib/Project.svelte,25,css,ff533550,rileyoh6,2024-03-06,14:31:46,-05:00,2024-03-06T14:31:46-05:00,0,16
src/lib/Project.svelte,26,css,ff533550,rileyoh6,2024-03-06,14:31:46,-05:00,2024-03-06T14:31:46-05:00,0,9
src/lib/Project.svelte,27,css,ff533550,rileyoh6,2024-03-06,14:31:46,-05:00,2024-03-06T14:31:46-05:00,0,0
src/lib/Project.svelte,28,css,ff533550,rileyoh6,2024-03-06,14:31:46,-05:00,2024-03-06T14:31:46-05:00,0,0
src/lib/Project.svelte,29,css,ff533550,rileyoh6,2024-03-06,14:31:46,-05:00,2024-03-06T14:31:46-05:00,0,41
src/lib/Project.svelte,30,css,ff533550,rileyoh6,2024-03-06,14:31:46,-05:00,2024-03-06T14:31:46-05:00,0,21
src/lib/Project.svelte,31,css,ff533550,rileyoh6,2024-03-06,14:31:46,-05:00,2024-03-06T14:31:46-05:00,0,9
src/lib/Project.svelte,32,css,ff533550,rileyoh6,2024-03-06,14:31:46,-05:00,2024-03-06T14:31:46-05:00,0,0
src/lib/Project.svelte,33,css,ff533550,rileyoh6,2024-03-06,14:31:46,-05:00,2024-03-06T14:31:46-05:00,0,0
src/lib/Project.svelte,34,css,ec211d57,rileyoh6,2024-03-20,13:34:51,-04:00,2024-03-20T13:34:51-04:00,0,6
src/lib/Project.svelte,35,css,ec211d57,rileyoh6,2024-03-20,13:34:51,-04:00,2024-03-20T13:34:51-04:00,0,38
src/lib/Project.svelte,36,css,ec211d57,rileyoh6,2024-03-20,13:34:51,-04:00,2024-03-20T13:34:51-04:00,0,0
src/lib/Project.svelte,37,svelte,c35a2aa7,rileyoh6,2024-03-06,14:40:11,-05:00,2024-03-06T14:40:11-05:00,0,7
src/lib/Project.svelte,38,svelte,ff533550,rileyoh6,2024-03-06,14:31:46,-05:00,2024-03-06T14:31:46-05:00,0,0
src/lib/Project.svelte,39,svelte,9e2d1c19,rileyoh6,2024-03-05,16:12:50,-05:00,2024-03-05T16:12:50-05:00,0,0
src/lib/Project.svelte,40,svelte,9e2d1c19,rileyoh6,2024-03-05,16:12:50,-05:00,2024-03-05T16:12:50-05:00,0,0
src/lib/Project.svelte,41,svelte,9e2d1c19,rileyoh6,2024-03-05,16:12:50,-05:00,2024-03-05T16:12:50-05:00,0,0
src/lib/Project.svelte,42,svelte,9e2d1c19,rileyoh6,2024-03-05,16:12:50,-05:00,2024-03-05T16:12:50-05:00,0,0
src/lib/Project.svelte,43,svelte,9e2d1c19,rileyoh6,2024-03-05,16:12:50,-05:00,2024-03-05T16:12:50-05:00,0,0
src/lib/Project.svelte,44,svelte,9e2d1c19,rileyoh6,2024-03-05,16:12:50,-05:00,2024-03-05T16:12:50-05:00,0,0
src/lib/Project.svelte,45,svelte,9e2d1c19,rileyoh6,2024-03-05,16:12:50,-05:00,2024-03-05T16:12:50-05:00,0,0
src/lib/Project.svelte,46,svelte,9e2d1c19,rileyoh6,2024-03-05,16:12:50,-05:00,2024-03-05T16:12:50-05:00,0,0
src/lib/Project.svelte,47,svelte,ec211d57,rileyoh6,2024-03-20,13:34:51,-04:00,2024-03-20T13:34:51-04:00,0,0
src/lib/Pie.svelte,1,svelte,ec211d57,rileyoh6,2024-03-20,13:34:51,-04:00,2024-03-20T13:34:51-04:00,0,7
src/lib/Pie.svelte,2,js,ec211d57,rileyoh6,2024-03-20,13:34:51,-04:00,2024-03-20T13:34:51-04:00,0,24
src/lib/Pie.svelte,3,js,ec211d57,rileyoh6,2024-03-20,13:34:51,-04:00,2024-03-20T13:34:51-04:00,0,0
src/lib/Pie.svelte,4,js,ec211d57,rileyoh6,2024-03-20,13:34:51,-04:00,2024-03-20T13:34:51-04:00,0,58
src/lib/Pie.svelte,5,js,ec211d57,rileyoh6,2024-03-20,13:34:51,-04:00,2024-03-20T13:34:51-04:00,0,0
src/lib/Pie.svelte,6,js,ec211d57,rileyoh6,2024-03-20,13:34:51,-04:00,2024-03-20T13:34:51-04:00,0,20
src/lib/Pie.svelte,7,js,ec211d57,rileyoh6,2024-03-20,13:34:51,-04:00,2024-03-20T13:34:51-04:00,0,29
src/lib/Pie.svelte,8,js,ec211d57,rileyoh6,2024-03-20,13:34:51,-04:00,2024-03-20T13:34:51-04:00,0,0
src/lib/Pie.svelte,9,js,ec211d57,rileyoh6,2024-03-20,13:34:51,-04:00,2024-03-20T13:34:51-04:00,0,51
src/lib/Pie.svelte,10,js,ec211d57,rileyoh6,2024-03-20,13:34:51,-04:00,2024-03-20T13:34:51-04:00,0,11
src/lib/Pie.svelte,11,js,ec211d57,rileyoh6,2024-03-20,13:34:51,-04:00,2024-03-20T13:34:51-04:00,0,33
src/lib/Pie.svelte,12,js,ec211d57,rileyoh6,2024-03-20,13:34:51,-04:00,2024-03-20T13:34:51-04:00,0,8
src/lib/Pie.svelte,13,js,ec211d57,rileyoh6,2024-03-20,13:34:51,-04:00,2024-03-20T13:34:51-04:00,0,45
src/lib/Pie.svelte,14,js,ec211d57,rileyoh6,2024-03-20,13:34:51,-04:00,2024-03-20T13:34:51-04:00,0,48
src/lib/Pie.svelte,15,svelte,ec211d57,rileyoh6,2024-03-20,13:34:51,-04:00,2024-03-20T13:34:51-04:00,0,8
src/lib/Pie.svelte,16,svelte,ec211d57,rileyoh6,2024-03-20,13:34:51,-04:00,2024-03-20T13:34:51-04:00,0,0
src/lib/Pie.svelte,17,svelte,ec211d57,rileyoh6,2024-03-20,13:34:51,-04:00,2024-03-20T13:34:51-04:00,0,35
src/lib/Pie.svelte,18,svelte,ec211d57,rileyoh6,2024-03-20,13:34:51,-04:00,2024-03-20T13:34:51-04:00,0,30
src/lib/Pie.svelte,19,svelte,ec211d57,rileyoh6,2024-03-20,13:34:51,-04:00,2024-03-20T13:34:51-04:00,0,25
src/lib/Pie.svelte,20,svelte,ec211d57,rileyoh6,2024-03-20,13:34:51,-04:00,2024-03-20T13:34:51-04:00,0,4
src/lib/Pie.svelte,21,svelte,ec211d57,rileyoh6,2024-03-20,13:34:51,-04:00,2024-03-20T13:34:51-04:00,0,6
src/lib/Pie.svelte,22,svelte,ec211d57,rileyoh6,2024-03-20,13:34:51,-04:00,2024-03-20T13:34:51-04:00,0,19
src/lib/Pie.svelte,23,svelte,ec211d57,rileyoh6,2024-03-20,13:34:51,-04:00,2024-03-20T13:34:51-04:00,0,39
src/lib/Pie.svelte,24,svelte,ec211d57,rileyoh6,2024-03-20,13:34:51,-04:00,2024-03-20T13:34:51-04:00,0,15
src/lib/Pie.svelte,25,svelte,ec211d57,rileyoh6,2024-03-20,13:34:51,-04:00,2024-03-20T13:34:51-04:00,0,54
src/lib/Pie.svelte,26,svelte,ec211d57,rileyoh6,2024-03-20,13:34:51,-04:00,2024-03-20T13:34:51-04:00,0,1
src/lib/Pie.svelte,27,svelte,ec211d57,rileyoh6,2024-03-20,13:34:51,-04:00,2024-03-20T13:34:51-04:00,0,6
src/lib/Pie.svelte,28,svelte,ec211d57,rileyoh6,2024-03-20,13:34:51,-04:00,2024-03-20T13:34:51-04:00,0,5
src/lib/Pie.svelte,29,svelte,ec211d57,rileyoh6,2024-03-20,13:34:51,-04:00,2024-03-20T13:34:51-04:00,0,29
src/lib/Pie.svelte,30,svelte,ec211d57,rileyoh6,2024-03-20,13:34:51,-04:00,2024-03-20T13:34:51-04:00,0,18
src/lib/Pie.svelte,31,svelte,ec211d57,rileyoh6,2024-03-20,13:34:51,-04:00,2024-03-20T13:34:51-04:00,0,23
src/lib/Pie.svelte,32,svelte,ec211d57,rileyoh6,2024-03-20,13:34:51,-04:00,2024-03-20T13:34:51-04:00,0,2
src/lib/Pie.svelte,33,svelte,ec211d57,rileyoh6,2024-03-20,13:34:51,-04:00,2024-03-20T13:34:51-04:00,0,31
src/lib/Pie.svelte,34,svelte,ec211d57,rileyoh6,2024-03-20,13:34:51,-04:00,2024-03-20T13:34:51-04:00,0,39
src/lib/Pie.svelte,35,svelte,ec211d57,rileyoh6,2024-03-20,13:34:51,-04:00,2024-03-20T13:34:51-04:00,0,15
src/lib/Pie.svelte,36,svelte,ec211d57,rileyoh6,2024-03-20,13:34:51,-04:00,2024-03-20T13:34:51-04:00,0,54
src/lib/Pie.svelte,37,svelte,ec211d57,rileyoh6,2024-03-20,13:34:51,-04:00,2024-03-20T13:34:51-04:00,0,0
src/lib/Pie.svelte,38,svelte,ec211d57,rileyoh6,2024-03-20,13:34:51,-04:00,2024-03-20T13:34:51-04:00,0,27
src/lib/Pie.svelte,39,svelte,ec211d57,rileyoh6,2024-03-20,13:34:51,-04:00,2024-03-20T13:34:51-04:00,0,29
src/lib/Pie.svelte,40,svelte,ec211d57,rileyoh6,2024-03-20,13:34:51,-04:00,2024-03-20T13:34:51-04:00,0,4
src/lib/Pie.svelte,41,svelte,ec211d57,rileyoh6,2024-03-20,13:34:51,-04:00,2024-03-20T13:34:51-04:00,0,6
src/lib/Pie.svelte,42,svelte,ec211d57,rileyoh6,2024-03-20,13:34:51,-04:00,2024-03-20T13:34:51-04:00,0,4
src/lib/Pie.svelte,43,svelte,ec211d57,rileyoh6,2024-03-20,13:34:51,-04:00,2024-03-20T13:34:51-04:00,0,5
src/lib/Pie.svelte,44,svelte,ec211d57,rileyoh6,2024-03-20,13:34:51,-04:00,2024-03-20T13:34:51-04:00,0,5
src/lib/Pie.svelte,45,svelte,ec211d57,rileyoh6,2024-03-20,13:34:51,-04:00,2024-03-20T13:34:51-04:00,0,0
src/lib/Pie.svelte,46,svelte,ec211d57,rileyoh6,2024-03-20,13:34:51,-04:00,2024-03-20T13:34:51-04:00,0,6
src/lib/Pie.svelte,47,css,ec211d57,rileyoh6,2024-03-20,13:34:51,-04:00,2024-03-20T13:34:51-04:00,0,4
src/lib/Pie.svelte,48,css,ec211d57,rileyoh6,2024-03-20,13:34:51,-04:00,2024-03-20T13:34:51-04:00,0,15
src/lib/Pie.svelte,49,css,ec211d57,rileyoh6,2024-03-20,13:34:51,-04:00,2024-03-20T13:34:51-04:00,0,17
src/lib/Pie.svelte,50,css,ec211d57,rileyoh6,2024-03-20,13:34:51,-04:00,2024-03-20T13:34:51-04:00,0,43
src/lib/Pie.svelte,51,css,ec211d57,rileyoh6,2024-03-20,13:34:51,-04:00,2024-03-20T13:34:51-04:00,0,17
src/lib/Pie.svelte,52,css,ec211d57,rileyoh6,2024-03-20,13:34:51,-04:00,2024-03-20T13:34:51-04:00,0,0
src/lib/Pie.svelte,53,css,ec211d57,rileyoh6,2024-03-20,13:34:51,-04:00,2024-03-20T13:34:51-04:00,0,0
src/lib/Pie.svelte,54,css,ec211d57,rileyoh6,2024-03-20,13:34:51,-04:00,2024-03-20T13:34:51-04:00,0,8
src/lib/Pie.svelte,55,css,ec211d57,rileyoh6,2024-03-20,13:34:51,-04:00,2024-03-20T13:34:51-04:00,0,16
src/lib/Pie.svelte,56,css,ec211d57,rileyoh6,2024-03-20,13:34:51,-04:00,2024-03-20T13:34:51-04:00,0,10
src/lib/Pie.svelte,57,css,ec211d57,rileyoh6,2024-03-20,13:34:51,-04:00,2024-03-20T13:34:51-04:00,0,9
src/lib/Pie.svelte,58,css,ec211d57,rileyoh6,2024-03-20,13:34:51,-04:00,2024-03-20T13:34:51-04:00,0,13
src/lib/Pie.svelte,59,css,ec211d57,rileyoh6,2024-03-20,13:34:51,-04:00,2024-03-20T13:34:51-04:00,0,15
src/lib/Pie.svelte,60,css,ec211d57,rileyoh6,2024-03-20,13:34:51,-04:00,2024-03-20T13:34:51-04:00,0,0
src/lib/Pie.svelte,61,css,ec211d57,rileyoh6,2024-03-20,13:34:51,-04:00,2024-03-20T13:34:51-04:00,0,0
src/lib/Pie.svelte,62,css,ec211d57,rileyoh6,2024-03-20,13:34:51,-04:00,2024-03-20T13:34:51-04:00,0,11
src/lib/Pie.svelte,63,css,ec211d57,rileyoh6,2024-03-20,13:34:51,-04:00,2024-03-20T13:34:51-04:00,0,13
src/lib/Pie.svelte,64,css,ec211d57,rileyoh6,2024-03-20,13:34:51,-04:00,2024-03-20T13:34:51-04:00,0,19
src/lib/Pie.svelte,65,css,ec211d57,rileyoh6,2024-03-20,13:34:51,-04:00,2024-03-20T13:34:51-04:00,0,18
src/lib/Pie.svelte,66,css,ec211d57,rileyoh6,2024-03-20,13:34:51,-04:00,2024-03-20T13:34:51-04:00,0,19
src/lib/Pie.svelte,67,css,ec211d57,rileyoh6,2024-03-20,13:34:51,-04:00,2024-03-20T13:34:51-04:00,0,30
src/lib/Pie.svelte,68,css,ec211d57,rileyoh6,2024-03-20,13:34:51,-04:00,2024-03-20T13:34:51-04:00,0,0
src/lib/Pie.svelte,69,css,ec211d57,rileyoh6,2024-03-20,13:34:51,-04:00,2024-03-20T13:34:51-04:00,0,0
src/lib/Pie.svelte,70,css,ec211d57,rileyoh6,2024-03-20,13:34:51,-04:00,2024-03-20T13:34:51-04:00,0,14
src/lib/Pie.svelte,71,css,ec211d57,rileyoh6,2024-03-20,13:34:51,-04:00,2024-03-20T13:34:51-04:00,0,18
src/lib/Pie.svelte,72,css,ec211d57,rileyoh6,2024-03-20,13:34:51,-04:00,2024-03-20T13:34:51-04:00,0,0
src/lib/Pie.svelte,73,css,ec211d57,rileyoh6,2024-03-20,13:34:51,-04:00,2024-03-20T13:34:51-04:00,0,0
src/lib/Pie.svelte,74,css,ec211d57,rileyoh6,2024-03-20,13:34:51,-04:00,2024-03-20T13:34:51-04:00,0,16
src/lib/Pie.svelte,75,css,ec211d57,rileyoh6,2024-03-20,13:34:51,-04:00,2024-03-20T13:34:51-04:00,0,11
src/lib/Pie.svelte,76,css,ec211d57,rileyoh6,2024-03-20,13:34:51,-04:00,2024-03-20T13:34:51-04:00,0,12
src/lib/Pie.svelte,77,css,ec211d57,rileyoh6,2024-03-20,13:34:51,-04:00,2024-03-20T13:34:51-04:00,0,18
src/lib/Pie.svelte,78,css,ec211d57,rileyoh6,2024-03-20,13:34:51,-04:00,2024-03-20T13:34:51-04:00,0,18
src/lib/Pie.svelte,79,css,ec211d57,rileyoh6,2024-03-20,13:34:51,-04:00,2024-03-20T13:34:51-04:00,0,30
src/lib/Pie.svelte,80,css,ec211d57,rileyoh6,2024-03-20,13:34:51,-04:00,2024-03-20T13:34:51-04:00,0,0
src/lib/Pie.svelte,81,css,ec211d57,rileyoh6,2024-03-20,13:34:51,-04:00,2024-03-20T13:34:51-04:00,0,0
src/lib/Pie.svelte,82,css,ec211d57,rileyoh6,2024-03-20,13:34:51,-04:00,2024-03-20T13:34:51-04:00,0,13
src/lib/Pie.svelte,83,css,ec211d57,rileyoh6,2024-03-20,13:34:51,-04:00,2024-03-20T13:34:51-04:00,0,21
src/lib/Pie.svelte,84,css,ec211d57,rileyoh6,2024-03-20,13:34:51,-04:00,2024-03-20T13:34:51-04:00,0,12
src/lib/Pie.svelte,85,css,ec211d57,rileyoh6,2024-03-20,13:34:51,-04:00,2024-03-20T13:34:51-04:00,0,16
src/lib/Pie.svelte,86,css,ec211d57,rileyoh6,2024-03-20,13:34:51,-04:00,2024-03-20T13:34:51-04:00,0,23
src/lib/Pie.svelte,87,css,ec211d57,rileyoh6,2024-03-20,13:34:51,-04:00,2024-03-20T13:34:51-04:00,0,19
src/lib/Pie.svelte,88,css,ec211d57,rileyoh6,2024-03-20,13:34:51,-04:00,2024-03-20T13:34:51-04:00,0,0
src/lib/Pie.svelte,89,css,ec211d57,rileyoh6,2024-03-20,13:34:51,-04:00,2024-03-20T13:34:51-04:00,0,0
src/lib/Pie.svelte,90,css,ec211d57,rileyoh6,2024-03-20,13:34:51,-04:00,2024-03-20T13:34:51-04:00,0,11
src/lib/Pie.svelte,91,css,ec211d57,rileyoh6,2024-03-20,13:34:51,-04:00,2024-03-20T13:34:51-04:00,0,16
src/lib/Pie.svelte,92,css,ec211d57,rileyoh6,2024-03-20,13:34:51,-04:00,2024-03-20T13:34:51-04:00,0,11
src/lib/Pie.svelte,93,css,ec211d57,rileyoh6,2024-03-20,13:34:51,-04:00,2024-03-20T13:34:51-04:00,0,0
src/lib/Pie.svelte,94,css,ec211d57,rileyoh6,2024-03-20,13:34:51,-04:00,2024-03-20T13:34:51-04:00,0,0
src/lib/Pie.svelte,95,css,ec211d57,rileyoh6,2024-03-20,13:34:51,-04:00,2024-03-20T13:34:51-04:00,0,11
src/lib/Pie.svelte,96,css,ec211d57,rileyoh6,2024-03-20,13:34:51,-04:00,2024-03-20T13:34:51-04:00,0,13
src/lib/Pie.svelte,97,css,ec211d57,rileyoh6,2024-03-20,13:34:51,-04:00,2024-03-20T13:34:51-04:00,0,54
src/lib/Pie.svelte,98,css,ec211d57,rileyoh6,2024-03-20,13:34:51,-04:00,2024-03-20T13:34:51-04:00,0,48
src/lib/Pie.svelte,99,css,ec211d57,rileyoh6,2024-03-20,13:34:51,-04:00,2024-03-20T13:34:51-04:00,0,7
src/lib/Pie.svelte,100,css,ec211d57,rileyoh6,2024-03-20,13:34:51,-04:00,2024-03-20T13:34:51-04:00,0,0
src/lib/Pie.svelte,101,css,ec211d57,rileyoh6,2024-03-20,13:34:51,-04:00,2024-03-20T13:34:51-04:00,0,0
src/lib/Pie.svelte,102,css,ec211d57,rileyoh6,2024-03-20,13:34:51,-04:00,2024-03-20T13:34:51-04:00,0,18
src/lib/Pie.svelte,103,css,ec211d57,rileyoh6,2024-03-20,13:34:51,-04:00,2024-03-20T13:34:51-04:00,0,45
src/lib/Pie.svelte,104,css,ec211d57,rileyoh6,2024-03-20,13:34:51,-04:00,2024-03-20T13:34:51-04:00,0,18
src/lib/Pie.svelte,105,css,ec211d57,rileyoh6,2024-03-20,13:34:51,-04:00,2024-03-20T13:34:51-04:00,0,13
src/lib/Pie.svelte,106,css,ec211d57,rileyoh6,2024-03-20,13:34:51,-04:00,2024-03-20T13:34:51-04:00,0,18
src/lib/Pie.svelte,107,css,ec211d57,rileyoh6,2024-03-20,13:34:51,-04:00,2024-03-20T13:34:51-04:00,0,46
src/lib/Pie.svelte,108,css,ec211d57,rileyoh6,2024-03-20,13:34:51,-04:00,2024-03-20T13:34:51-04:00,0,7
src/lib/Pie.svelte,109,css,ec211d57,rileyoh6,2024-03-20,13:34:51,-04:00,2024-03-20T13:34:51-04:00,0,0
src/lib/Pie.svelte,110,css,ec211d57,rileyoh6,2024-03-20,13:34:51,-04:00,2024-03-20T13:34:51-04:00,0,0
src/lib/Pie.svelte,111,css,ec211d57,rileyoh6,2024-03-20,13:34:51,-04:00,2024-03-20T13:34:51-04:00,0,24
src/lib/Pie.svelte,112,css,ec211d57,rileyoh6,2024-03-20,13:34:51,-04:00,2024-03-20T13:34:51-04:00,0,13
src/lib/Pie.svelte,113,css,ec211d57,rileyoh6,2024-03-20,13:34:51,-04:00,2024-03-20T13:34:51-04:00,0,23
src/lib/Pie.svelte,114,css,ec211d57,rileyoh6,2024-03-20,13:34:51,-04:00,2024-03-20T13:34:51-04:00,0,19
src/lib/Pie.svelte,115,css,ec211d57,rileyoh6,2024-03-20,13:34:51,-04:00,2024-03-20T13:34:51-04:00,0,99
src/lib/Pie.svelte,116,css,ec211d57,rileyoh6,2024-03-20,13:34:51,-04:00,2024-03-20T13:34:51-04:00,0,0
src/lib/Pie.svelte,117,css,ec211d57,rileyoh6,2024-03-20,13:34:51,-04:00,2024-03-20T13:34:51-04:00,0,0
src/lib/Pie.svelte,118,css,ec211d57,rileyoh6,2024-03-20,13:34:51,-04:00,2024-03-20T13:34:51-04:00,0,20
src/lib/Pie.svelte,119,css,ec211d57,rileyoh6,2024-03-20,13:34:51,-04:00,2024-03-20T13:34:51-04:00,0,17
src/lib/Pie.svelte,120,css,ec211d57,rileyoh6,2024-03-20,13:34:51,-04:00,2024-03-20T13:34:51-04:00,0,12
src/lib/Pie.svelte,121,css,ec211d57,rileyoh6,2024-03-20,13:34:51,-04:00,2024-03-20T13:34:51-04:00,0,0
src/lib/Pie.svelte,122,css,ec211d57,rileyoh6,2024-03-20,13:34:51,-04:00,2024-03-20T13:34:51-04:00,0,0
src/lib/Pie.svelte,123,css,ec211d57,rileyoh6,2024-03-20,13:34:51,-04:00,2024-03-20T13:34:51-04:00,0,0
src/lib/Pie.svelte,124,css,ec211d57,rileyoh6,2024-03-20,13:34:51,-04:00,2024-03-20T13:34:51-04:00,0,5
src/lib/Pie.svelte,125,css,ec211d57,rileyoh6,2024-03-20,13:34:51,-04:00,2024-03-20T13:34:51-04:00,0,17
src/lib/Pie.svelte,126,css,ec211d57,rileyoh6,2024-03-20,13:34:51,-04:00,2024-03-20T13:34:51-04:00,0,15
src/lib/Pie.svelte,127,css,ec211d57,rileyoh6,2024-03-20,13:34:51,-04:00,2024-03-20T13:34:51-04:00,0,0
src/lib/Pie.svelte,128,css,ec211d57,rileyoh6,2024-03-20,13:34:51,-04:00,2024-03-20T13:34:51-04:00,0,0
src/lib/Pie.svelte,129,css,ec211d57,rileyoh6,2024-03-20,13:34:51,-04:00,2024-03-20T13:34:51-04:00,0,10
src/lib/Pie.svelte,130,css,ec211d57,rileyoh6,2024-03-20,13:34:51,-04:00,2024-03-20T13:34:51-04:00,0,34
src/lib/Pie.svelte,131,css,ec211d57,rileyoh6,2024-03-20,13:34:51,-04:00,2024-03-20T13:34:51-04:00,0,0
src/lib/Pie.svelte,132,css,ec211d57,rileyoh6,2024-03-20,13:34:51,-04:00,2024-03-20T13:34:51-04:00,0,11
src/lib/Pie.svelte,133,css,ec211d57,rileyoh6,2024-03-20,13:34:51,-04:00,2024-03-20T13:34:51-04:00,0,18
src/lib/Pie.svelte,134,css,ec211d57,rileyoh6,2024-03-20,13:34:51,-04:00,2024-03-20T13:34:51-04:00,0,0
src/lib/Pie.svelte,135,css,ec211d57,rileyoh6,2024-03-20,13:34:51,-04:00,2024-03-20T13:34:51-04:00,0,17
src/lib/Pie.svelte,136,css,ec211d57,rileyoh6,2024-03-20,13:34:51,-04:00,2024-03-20T13:34:51-04:00,0,30
src/lib/Pie.svelte,137,css,ec211d57,rileyoh6,2024-03-20,13:34:51,-04:00,2024-03-20T13:34:51-04:00,0,0
src/lib/Pie.svelte,138,css,ec211d57,rileyoh6,2024-03-20,13:34:51,-04:00,2024-03-20T13:34:51-04:00,0,0
src/lib/Pie.svelte,139,svelte,ec211d57,rileyoh6,2024-03-20,13:34:51,-04:00,2024-03-20T13:34:51-04:00,0,7
